cache_size,block_size,associativity,write_back,write_allocate,miss_rate,total_cycle
32768,1,1,1,1,1,9100
32768,1,1,1,0,1,9100
32768,1,1,0,1,1,9100
32768,1,1,0,0,1,9100
32768,1,2,1,1,1,9100
32768,1,2,1,0,1,9100
32768,1,2,0,1,1,9100
32768,1,2,0,0,1,9100
32768,1,4,1,1,1,9100
32768,1,4,1,0,1,9100
32768,1,4,0,1,1,9100
32768,1,4,0,0,1,9100
32768,1,8,1,1,1,9100
32768,1,8,1,0,1,9100
32768,1,8,0,1,1,9100
32768,1,8,0,0,1,9100
32768,1,16,1,1,1,9100
32768,1,16,1,0,1,9100
32768,1,16,0,1,1,9100
32768,1,16,0,0,1,9100
32768,1,32,1,1,1,9100
32768,1,32,1,0,1,9100
32768,1,32,0,1,1,9100
32768,1,32,0,0,1,9100
32768,2,1,1,1,1,9100
32768,2,1,1,0,1,9100
32768,2,1,0,1,1,9100
32768,2,1,0,0,1,9100
32768,2,2,1,1,1,9100
32768,2,2,1,0,1,9100
32768,2,2,0,1,1,9100
32768,2,2,0,0,1,9100
32768,2,4,1,1,1,9100
32768,2,4,1,0,1,9100
32768,2,4,0,1,1,9100
32768,2,4,0,0,1,9100
32768,2,8,1,1,1,9100
32768,2,8,1,0,1,9100
32768,2,8,0,1,1,9100
32768,2,8,0,0,1,9100
32768,2,16,1,1,1,9100
32768,2,16,1,0,1,9100
32768,2,16,0,1,1,9100
32768,2,16,0,0,1,9100
32768,2,32,1,1,1,9100
32768,2,32,1,0,1,9100
32768,2,32,0,1,1,9100
32768,2,32,0,0,1,9100
32768,4,1,1,1,1,9100
32768,4,1,1,0,1,9100
32768,4,1,0,1,1,9100
32768,4,1,0,0,1,9100
32768,4,2,1,1,1,9100
32768,4,2,1,0,1,9100
32768,4,2,0,1,1,9100
32768,4,2,0,0,1,9100
32768,4,4,1,1,1,9100
32768,4,4,1,0,1,9100
32768,4,4,0,1,1,9100
32768,4,4,0,0,1,9100
32768,4,8,1,1,1,9100
32768,4,8,1,0,1,9100
32768,4,8,0,1,1,9100
32768,4,8,0,0,1,9100
32768,4,16,1,1,1,9100
32768,4,16,1,0,1,9100
32768,4,16,0,1,1,9100
32768,4,16,0,0,1,9100
32768,4,32,1,1,1,9100
32768,4,32,1,0,1,9100
32768,4,32,0,1,1,9100
32768,4,32,0,0,1,9100
32768,8,1,1,1,1,9100
32768,8,1,1,0,1,9100
32768,8,1,0,1,1,9100
32768,8,1,0,0,1,9100
32768,8,2,1,1,1,9100
32768,8,2,1,0,1,9100
32768,8,2,0,1,1,9100
32768,8,2,0,0,1,9100
32768,8,4,1,1,1,9100
32768,8,4,1,0,1,9100
32768,8,4,0,1,1,9100
32768,8,4,0,0,1,9100
32768,8,8,1,1,1,9100
32768,8,8,1,0,1,9100
32768,8,8,0,1,1,9100
32768,8,8,0,0,1,9100
32768,8,16,1,1,1,9100
32768,8,16,1,0,1,9100
32768,8,16,0,1,1,9100
32768,8,16,0,0,1,9100
32768,8,32,1,1,1,9100
32768,8,32,1,0,1,9100
32768,8,32,0,1,1,9100
32768,8,32,0,0,1,9100
32768,16,1,1,1,1,9100
32768,16,1,1,0,1,9100
32768,16,1,0,1,1,9100
32768,16,1,0,0,1,9100
32768,16,2,1,1,1,9100
32768,16,2,1,0,1,9100
32768,16,2,0,1,1,9100
32768,16,2,0,0,1,9100
32768,16,4,1,1,1,9100
32768,16,4,1,0,1,9100
32768,16,4,0,1,1,9100
32768,16,4,0,0,1,9100
32768,16,8,1,1,1,9100
32768,16,8,1,0,1,9100
32768,16,8,0,1,1,9100
32768,16,8,0,0,1,9100
32768,16,16,1,1,1,9100
32768,16,16,1,0,1,9100
32768,16,16,0,1,1,9100
32768,16,16,0,0,1,9100
32768,16,32,1,1,1,9100
32768,16,32,1,0,1,9100
32768,16,32,0,1,1,9100
32768,16,32,0,0,1,9100
32768,32,1,1,1,1,9100
32768,32,1,1,0,1,9100
32768,32,1,0,1,1,9100
32768,32,1,0,0,1,9100
32768,32,2,1,1,1,9100
32768,32,2,1,0,1,9100
32768,32,2,0,1,1,9100
32768,32,2,0,0,1,9100
32768,32,4,1,1,1,9100
32768,32,4,1,0,1,9100
32768,32,4,0,1,1,9100
32768,32,4,0,0,1,9100
32768,32,8,1,1,1,9100
32768,32,8,1,0,1,9100
32768,32,8,0,1,1,9100
32768,32,8,0,0,1,9100
32768,32,16,1,1,1,9100
32768,32,16,1,0,1,9100
32768,32,16,0,1,1,9100
32768,32,16,0,0,1,9100
32768,32,32,1,1,1,9100
32768,32,32,1,0,1,9100
32768,32,32,0,1,1,9100
32768,32,32,0,0,1,9100
32768,64,1,1,1,1,9100
32768,64,1,1,0,1,9100
32768,64,1,0,1,1,9100
32768,64,1,0,0,1,9100
32768,64,2,1,1,1,9100
32768,64,2,1,0,1,9100
32768,64,2,0,1,1,9100
32768,64,2,0,0,1,9100
32768,64,4,1,1,1,9100
32768,64,4,1,0,1,9100
32768,64,4,0,1,1,9100
32768,64,4,0,0,1,9100
32768,64,8,1,1,1,9100
32768,64,8,1,0,1,9100
32768,64,8,0,1,1,9100
32768,64,8,0,0,1,9100
32768,64,16,1,1,1,9100
32768,64,16,1,0,1,9100
32768,64,16,0,1,1,9100
32768,64,16,0,0,1,9100
32768,64,32,1,1,1,9100
32768,64,32,1,0,1,9100
32768,64,32,0,1,1,9100
32768,64,32,0,0,1,9100
32768,128,1,1,1,0.857143,7813
32768,128,1,1,0,0.923077,8407
32768,128,1,0,1,0.857143,7813
32768,128,1,0,0,0.923077,8407
32768,128,2,1,1,0.857143,7813
32768,128,2,1,0,0.923077,8407
32768,128,2,0,1,0.857143,7813
32768,128,2,0,0,0.923077,8407
32768,128,4,1,1,0.857143,7813
32768,128,4,1,0,0.923077,8407
32768,128,4,0,1,0.857143,7813
32768,128,4,0,0,0.923077,8407
32768,128,8,1,1,0.857143,7813
32768,128,8,1,0,0.923077,8407
32768,128,8,0,1,0.857143,7813
32768,128,8,0,0,0.923077,8407
32768,128,16,1,1,0.857143,7813
32768,128,16,1,0,0.923077,8407
32768,128,16,0,1,0.857143,7813
32768,128,16,0,0,0.923077,8407
32768,128,32,1,1,0.857143,7813
32768,128,32,1,0,0.923077,8407
32768,128,32,0,1,0.857143,7813
32768,128,32,0,0,0.923077,8407
32768,256,1,1,1,0.703297,6427
32768,256,1,1,0,0.835165,7615
32768,256,1,0,1,0.703297,6427
32768,256,1,0,0,0.835165,7615
32768,256,2,1,1,0.703297,6427
32768,256,2,1,0,0.835165,7615
32768,256,2,0,1,0.703297,6427
32768,256,2,0,0,0.835165,7615
32768,256,4,1,1,0.703297,6427
32768,256,4,1,0,0.835165,7615
32768,256,4,0,1,0.703297,6427
32768,256,4,0,0,0.835165,7615
32768,256,8,1,1,0.703297,6427
32768,256,8,1,0,0.835165,7615
32768,256,8,0,1,0.703297,6427
32768,256,8,0,0,0.835165,7615
32768,256,16,1,1,0.703297,6427
32768,256,16,1,0,0.835165,7615
32768,256,16,0,1,0.703297,6427
32768,256,16,0,0,0.835165,7615
32768,256,32,1,1,0.703297,6427
32768,256,32,1,0,0.835165,7615
32768,256,32,0,1,0.703297,6427
32768,256,32,0,0,0.835165,7615
32768,512,1,1,1,0.428571,3952
32768,512,1,1,0,0.681319,6229
32768,512,1,0,1,0.428571,3952
32768,512,1,0,0,0.681319,6229
32768,512,2,1,1,0.428571,3952
32768,512,2,1,0,0.681319,6229
32768,512,2,0,1,0.428571,3952
32768,512,2,0,0,0.681319,6229
32768,512,4,1,1,0.428571,3952
32768,512,4,1,0,0.681319,6229
32768,512,4,0,1,0.428571,3952
32768,512,4,0,0,0.681319,6229
32768,512,8,1,1,0.428571,3952
32768,512,8,1,0,0.681319,6229
32768,512,8,0,1,0.428571,3952
32768,512,8,0,0,0.681319,6229
32768,512,16,1,1,0.428571,3952
32768,512,16,1,0,0.681319,6229
32768,512,16,0,1,0.428571,3952
32768,512,16,0,0,0.681319,6229
32768,512,32,1,1,0.428571,3952
32768,512,32,1,0,0.681319,6229
32768,512,32,0,1,0.428571,3952
32768,512,32,0,0,0.681319,6229
32768,1024,1,1,1,0.274725,2566
32768,1024,1,1,0,0.615385,5635
32768,1024,1,0,1,0.274725,2566
32768,1024,1,0,0,0.615385,5635
32768,1024,2,1,1,0.274725,2566
32768,1024,2,1,0,0.615385,5635
32768,1024,2,0,1,0.274725,2566
32768,1024,2,0,0,0.615385,5635
32768,1024,4,1,1,0.274725,2566
32768,1024,4,1,0,0.615385,5635
32768,1024,4,0,1,0.274725,2566
32768,1024,4,0,0,0.615385,5635
32768,1024,8,1,1,0.274725,2566
32768,1024,8,1,0,0.615385,5635
32768,1024,8,0,1,0.274725,2566
32768,1024,8,0,0,0.615385,5635
32768,1024,16,1,1,0.274725,2566
32768,1024,16,1,0,0.615385,5635
32768,1024,16,0,1,0.274725,2566
32768,1024,16,0,0,0.615385,5635
32768,1024,32,1,1,0.274725,2566
32768,1024,32,1,0,0.615385,5635
32768,1024,32,0,1,0.274725,2566
32768,1024,32,0,0,0.615385,5635
32768,2048,1,1,1,0.197802,1873
32768,2048,1,1,0,0.582418,5338
32768,2048,1,0,1,0.197802,1873
32768,2048,1,0,0,0.582418,5338
32768,2048,2,1,1,0.197802,1873
32768,2048,2,1,0,0.582418,5338
32768,2048,2,0,1,0.197802,1873
32768,2048,2,0,0,0.582418,5338
32768,2048,4,1,1,0.197802,1873
32768,2048,4,1,0,0.582418,5338
32768,2048,4,0,1,0.197802,1873
32768,2048,4,0,0,0.582418,5338
32768,2048,8,1,1,0.197802,1873
32768,2048,8,1,0,0.582418,5338
32768,2048,8,0,1,0.197802,1873
32768,2048,8,0,0,0.582418,5338
32768,2048,16,1,1,0.197802,1873
32768,2048,16,1,0,0.582418,5338
32768,2048,16,0,1,0.197802,1873
32768,2048,16,0,0,0.582418,5338
32768,4096,1,1,1,0.10989,1081
32768,4096,1,1,0,0.549451,5041
32768,4096,1,0,1,0.10989,1081
32768,4096,1,0,0,0.549451,5041
32768,4096,2,1,1,0.10989,1081
32768,4096,2,1,0,0.549451,5041
32768,4096,2,0,1,0.10989,1081
32768,4096,2,0,0,0.549451,5041
32768,4096,4,1,1,0.10989,1081
32768,4096,4,1,0,0.549451,5041
32768,4096,4,0,1,0.10989,1081
32768,4096,4,0,0,0.549451,5041
32768,4096,8,1,1,0.10989,1081
32768,4096,8,1,0,0.549451,5041
32768,4096,8,0,1,0.10989,1081
32768,4096,8,0,0,0.549451,5041
65536,1,1,1,1,1,9100
65536,1,1,1,0,1,9100
65536,1,1,0,1,1,9100
65536,1,1,0,0,1,9100
65536,1,2,1,1,1,9100
65536,1,2,1,0,1,9100
65536,1,2,0,1,1,9100
65536,1,2,0,0,1,9100
65536,1,4,1,1,1,9100
65536,1,4,1,0,1,9100
65536,1,4,0,1,1,9100
65536,1,4,0,0,1,9100
65536,1,8,1,1,1,9100
65536,1,8,1,0,1,9100
65536,1,8,0,1,1,9100
65536,1,8,0,0,1,9100
65536,1,16,1,1,1,9100
65536,1,16,1,0,1,9100
65536,1,16,0,1,1,9100
65536,1,16,0,0,1,9100
65536,1,32,1,1,1,9100
65536,1,32,1,0,1,9100
65536,1,32,0,1,1,9100
65536,1,32,0,0,1,9100
65536,2,1,1,1,1,9100
65536,2,1,1,0,1,9100
65536,2,1,0,1,1,9100
65536,2,1,0,0,1,9100
65536,2,2,1,1,1,9100
65536,2,2,1,0,1,9100
65536,2,2,0,1,1,9100
65536,2,2,0,0,1,9100
65536,2,4,1,1,1,9100
65536,2,4,1,0,1,9100
65536,2,4,0,1,1,9100
65536,2,4,0,0,1,9100
65536,2,8,1,1,1,9100
65536,2,8,1,0,1,9100
65536,2,8,0,1,1,9100
65536,2,8,0,0,1,9100
65536,2,16,1,1,1,9100
65536,2,16,1,0,1,9100
65536,2,16,0,1,1,9100
65536,2,16,0,0,1,9100
65536,2,32,1,1,1,9100
65536,2,32,1,0,1,9100
65536,2,32,0,1,1,9100
65536,2,32,0,0,1,9100
65536,4,1,1,1,1,9100
65536,4,1,1,0,1,9100
65536,4,1,0,1,1,9100
65536,4,1,0,0,1,9100
65536,4,2,1,1,1,9100
65536,4,2,1,0,1,9100
65536,4,2,0,1,1,9100
65536,4,2,0,0,1,9100
65536,4,4,1,1,1,9100
65536,4,4,1,0,1,9100
65536,4,4,0,1,1,9100
65536,4,4,0,0,1,9100
65536,4,8,1,1,1,9100
65536,4,8,1,0,1,9100
65536,4,8,0,1,1,9100
65536,4,8,0,0,1,9100
65536,4,16,1,1,1,9100
65536,4,16,1,0,1,9100
65536,4,16,0,1,1,9100
65536,4,16,0,0,1,9100
65536,4,32,1,1,1,9100
65536,4,32,1,0,1,9100
65536,4,32,0,1,1,9100
65536,4,32,0,0,1,9100
65536,8,1,1,1,1,9100
65536,8,1,1,0,1,9100
65536,8,1,0,1,1,9100
65536,8,1,0,0,1,9100
65536,8,2,1,1,1,9100
65536,8,2,1,0,1,9100
65536,8,2,0,1,1,9100
65536,8,2,0,0,1,9100
65536,8,4,1,1,1,9100
65536,8,4,1,0,1,9100
65536,8,4,0,1,1,9100
65536,8,4,0,0,1,9100
65536,8,8,1,1,1,9100
65536,8,8,1,0,1,9100
65536,8,8,0,1,1,9100
65536,8,8,0,0,1,9100
65536,8,16,1,1,1,9100
65536,8,16,1,0,1,9100
65536,8,16,0,1,1,9100
65536,8,16,0,0,1,9100
65536,8,32,1,1,1,9100
65536,8,32,1,0,1,9100
65536,8,32,0,1,1,9100
65536,8,32,0,0,1,9100
65536,16,1,1,1,1,9100
65536,16,1,1,0,1,9100
65536,16,1,0,1,1,9100
65536,16,1,0,0,1,9100
65536,16,2,1,1,1,9100
65536,16,2,1,0,1,9100
65536,16,2,0,1,1,9100
65536,16,2,0,0,1,9100
65536,16,4,1,1,1,9100
65536,16,4,1,0,1,9100
65536,16,4,0,1,1,9100
65536,16,4,0,0,1,9100
65536,16,8,1,1,1,9100
65536,16,8,1,0,1,9100
65536,16,8,0,1,1,9100
65536,16,8,0,0,1,9100
65536,16,16,1,1,1,9100
65536,16,16,1,0,1,9100
65536,16,16,0,1,1,9100
65536,16,16,0,0,1,9100
65536,16,32,1,1,1,9100
65536,16,32,1,0,1,9100
65536,16,32,0,1,1,9100
65536,16,32,0,0,1,9100
65536,32,1,1,1,1,9100
65536,32,1,1,0,1,9100
65536,32,1,0,1,1,9100
65536,32,1,0,0,1,9100
65536,32,2,1,1,1,9100
65536,32,2,1,0,1,9100
65536,32,2,0,1,1,9100
65536,32,2,0,0,1,9100
65536,32,4,1,1,1,9100
65536,32,4,1,0,1,9100
65536,32,4,0,1,1,9100
65536,32,4,0,0,1,9100
65536,32,8,1,1,1,9100
65536,32,8,1,0,1,9100
65536,32,8,0,1,1,9100
65536,32,8,0,0,1,9100
65536,32,16,1,1,1,9100
65536,32,16,1,0,1,9100
65536,32,16,0,1,1,9100
65536,32,16,0,0,1,9100
65536,32,32,1,1,1,9100
65536,32,32,1,0,1,9100
65536,32,32,0,1,1,9100
65536,32,32,0,0,1,9100
65536,64,1,1,1,1,9100
65536,64,1,1,0,1,9100
65536,64,1,0,1,1,9100
65536,64,1,0,0,1,9100
65536,64,2,1,1,1,9100
65536,64,2,1,0,1,9100
65536,64,2,0,1,1,9100
65536,64,2,0,0,1,9100
65536,64,4,1,1,1,9100
65536,64,4,1,0,1,9100
65536,64,4,0,1,1,9100
65536,64,4,0,0,1,9100
65536,64,8,1,1,1,9100
65536,64,8,1,0,1,9100
65536,64,8,0,1,1,9100
65536,64,8,0,0,1,9100
65536,64,16,1,1,1,9100
65536,64,16,1,0,1,9100
65536,64,16,0,1,1,9100
65536,64,16,0,0,1,9100
65536,64,32,1,1,1,9100
65536,64,32,1,0,1,9100
65536,64,32,0,1,1,9100
65536,64,32,0,0,1,9100
65536,128,1,1,1,0.857143,7813
65536,128,1,1,0,0.923077,8407
65536,128,1,0,1,0.857143,7813
65536,128,1,0,0,0.923077,8407
65536,128,2,1,1,0.857143,7813
65536,128,2,1,0,0.923077,8407
65536,128,2,0,1,0.857143,7813
65536,128,2,0,0,0.923077,8407
65536,128,4,1,1,0.857143,7813
65536,128,4,1,0,0.923077,8407
65536,128,4,0,1,0.857143,7813
65536,128,4,0,0,0.923077,8407
65536,128,8,1,1,0.857143,7813
65536,128,8,1,0,0.923077,8407
65536,128,8,0,1,0.857143,7813
65536,128,8,0,0,0.923077,8407
65536,128,16,1,1,0.857143,7813
65536,128,16,1,0,0.923077,8407
65536,128,16,0,1,0.857143,7813
65536,128,16,0,0,0.923077,8407
65536,128,32,1,1,0.857143,7813
65536,128,32,1,0,0.923077,8407
65536,128,32,0,1,0.857143,7813
65536,128,32,0,0,0.923077,8407
65536,256,1,1,1,0.703297,6427
65536,256,1,1,0,0.835165,7615
65536,256,1,0,1,0.703297,6427
65536,256,1,0,0,0.835165,7615
65536,256,2,1,1,0.703297,6427
65536,256,2,1,0,0.835165,7615
65536,256,2,0,1,0.703297,6427
65536,256,2,0,0,0.835165,7615
65536,256,4,1,1,0.703297,6427
65536,256,4,1,0,0.835165,7615
65536,256,4,0,1,0.703297,6427
65536,256,4,0,0,0.835165,7615
65536,256,8,1,1,0.703297,6427
65536,256,8,1,0,0.835165,7615
65536,256,8,0,1,0.703297,6427
65536,256,8,0,0,0.835165,7615
65536,256,16,1,1,0.703297,6427
65536,256,16,1,0,0.835165,7615
65536,256,16,0,1,0.703297,6427
65536,256,16,0,0,0.835165,7615
65536,256,32,1,1,0.703297,6427
65536,256,32,1,0,0.835165,7615
65536,256,32,0,1,0.703297,6427
65536,256,32,0,0,0.835165,7615
65536,512,1,1,1,0.428571,3952
65536,512,1,1,0,0.681319,6229
65536,512,1,0,1,0.428571,3952
65536,512,1,0,0,0.681319,6229
65536,512,2,1,1,0.428571,3952
65536,512,2,1,0,0.681319,6229
65536,512,2,0,1,0.428571,3952
65536,512,2,0,0,0.681319,6229
65536,512,4,1,1,0.428571,3952
65536,512,4,1,0,0.681319,6229
65536,512,4,0,1,0.428571,3952
65536,512,4,0,0,0.681319,6229
65536,512,8,1,1,0.428571,3952
65536,512,8,1,0,0.681319,6229
65536,512,8,0,1,0.428571,3952
65536,512,8,0,0,0.681319,6229
65536,512,16,1,1,0.428571,3952
65536,512,16,1,0,0.681319,6229
65536,512,16,0,1,0.428571,3952
65536,512,16,0,0,0.681319,6229
65536,512,32,1,1,0.428571,3952
65536,512,32,1,0,0.681319,6229
65536,512,32,0,1,0.428571,3952
65536,512,32,0,0,0.681319,6229
65536,1024,1,1,1,0.274725,2566
65536,1024,1,1,0,0.615385,5635
65536,1024,1,0,1,0.274725,2566
65536,1024,1,0,0,0.615385,5635
65536,1024,2,1,1,0.274725,2566
65536,1024,2,1,0,0.615385,5635
65536,1024,2,0,1,0.274725,2566
65536,1024,2,0,0,0.615385,5635
65536,1024,4,1,1,0.274725,2566
65536,1024,4,1,0,0.615385,5635
65536,1024,4,0,1,0.274725,2566
65536,1024,4,0,0,0.615385,5635
65536,1024,8,1,1,0.274725,2566
65536,1024,8,1,0,0.615385,5635
65536,1024,8,0,1,0.274725,2566
65536,1024,8,0,0,0.615385,5635
65536,1024,16,1,1,0.274725,2566
65536,1024,16,1,0,0.615385,5635
65536,1024,16,0,1,0.274725,2566
65536,1024,16,0,0,0.615385,5635
65536,1024,32,1,1,0.274725,2566
65536,1024,32,1,0,0.615385,5635
65536,1024,32,0,1,0.274725,2566
65536,1024,32,0,0,0.615385,5635
65536,2048,1,1,1,0.197802,1873
65536,2048,1,1,0,0.582418,5338
65536,2048,1,0,1,0.197802,1873
65536,2048,1,0,0,0.582418,5338
65536,2048,2,1,1,0.197802,1873
65536,2048,2,1,0,0.582418,5338
65536,2048,2,0,1,0.197802,1873
65536,2048,2,0,0,0.582418,5338
65536,2048,4,1,1,0.197802,1873
65536,2048,4,1,0,0.582418,5338
65536,2048,4,0,1,0.197802,1873
65536,2048,4,0,0,0.582418,5338
65536,2048,8,1,1,0.197802,1873
65536,2048,8,1,0,0.582418,5338
65536,2048,8,0,1,0.197802,1873
65536,2048,8,0,0,0.582418,5338
65536,2048,16,1,1,0.197802,1873
65536,2048,16,1,0,0.582418,5338
65536,2048,16,0,1,0.197802,1873
65536,2048,16,0,0,0.582418,5338
65536,2048,32,1,1,0.197802,1873
65536,2048,32,1,0,0.582418,5338
65536,2048,32,0,1,0.197802,1873
65536,2048,32,0,0,0.582418,5338
65536,4096,1,1,1,0.10989,1081
65536,4096,1,1,0,0.549451,5041
65536,4096,1,0,1,0.10989,1081
65536,4096,1,0,0,0.549451,5041
65536,4096,2,1,1,0.10989,1081
65536,4096,2,1,0,0.549451,5041
65536,4096,2,0,1,0.10989,1081
65536,4096,2,0,0,0.549451,5041
65536,4096,4,1,1,0.10989,1081
65536,4096,4,1,0,0.549451,5041
65536,4096,4,0,1,0.10989,1081
65536,4096,4,0,0,0.549451,5041
65536,4096,8,1,1,0.10989,1081
65536,4096,8,1,0,0.549451,5041
65536,4096,8,0,1,0.10989,1081
65536,4096,8,0,0,0.549451,5041
65536,4096,16,1,1,0.10989,1081
65536,4096,16,1,0,0.549451,5041
65536,4096,16,0,1,0.10989,1081
65536,4096,16,0,0,0.549451,5041
131072,1,1,1,1,1,9100
131072,1,1,1,0,1,9100
131072,1,1,0,1,1,9100
131072,1,1,0,0,1,9100
131072,1,2,1,1,1,9100
131072,1,2,1,0,1,9100
131072,1,2,0,1,1,9100
131072,1,2,0,0,1,9100
131072,1,4,1,1,1,9100
131072,1,4,1,0,1,9100
131072,1,4,0,1,1,9100
131072,1,4,0,0,1,9100
131072,1,8,1,1,1,9100
131072,1,8,1,0,1,9100
131072,1,8,0,1,1,9100
131072,1,8,0,0,1,9100
131072,1,16,1,1,1,9100
131072,1,16,1,0,1,9100
131072,1,16,0,1,1,9100
131072,1,16,0,0,1,9100
131072,1,32,1,1,1,9100
131072,1,32,1,0,1,9100
131072,1,32,0,1,1,9100
131072,1,32,0,0,1,9100
131072,2,1,1,1,1,9100
131072,2,1,1,0,1,9100
131072,2,1,0,1,1,9100
131072,2,1,0,0,1,9100
131072,2,2,1,1,1,9100
131072,2,2,1,0,1,9100
131072,2,2,0,1,1,9100
131072,2,2,0,0,1,9100
131072,2,4,1,1,1,9100
131072,2,4,1,0,1,9100
131072,2,4,0,1,1,9100
131072,2,4,0,0,1,9100
131072,2,8,1,1,1,9100
131072,2,8,1,0,1,9100
131072,2,8,0,1,1,9100
131072,2,8,0,0,1,9100
131072,2,16,1,1,1,9100
131072,2,16,1,0,1,9100
131072,2,16,0,1,1,9100
131072,2,16,0,0,1,9100
131072,2,32,1,1,1,9100
131072,2,32,1,0,1,9100
131072,2,32,0,1,1,9100
131072,2,32,0,0,1,9100
131072,4,1,1,1,1,9100
131072,4,1,1,0,1,9100
131072,4,1,0,1,1,9100
131072,4,1,0,0,1,9100
131072,4,2,1,1,1,9100
131072,4,2,1,0,1,9100
131072,4,2,0,1,1,9100
131072,4,2,0,0,1,9100
131072,4,4,1,1,1,9100
131072,4,4,1,0,1,9100
131072,4,4,0,1,1,9100
131072,4,4,0,0,1,9100
131072,4,8,1,1,1,9100
131072,4,8,1,0,1,9100
131072,4,8,0,1,1,9100
131072,4,8,0,0,1,9100
131072,4,16,1,1,1,9100
131072,4,16,1,0,1,9100
131072,4,16,0,1,1,9100
131072,4,16,0,0,1,9100
131072,4,32,1,1,1,9100
131072,4,32,1,0,1,9100
131072,4,32,0,1,1,9100
131072,4,32,0,0,1,9100
131072,8,1,1,1,1,9100
131072,8,1,1,0,1,9100
131072,8,1,0,1,1,9100
131072,8,1,0,0,1,9100
131072,8,2,1,1,1,9100
131072,8,2,1,0,1,9100
131072,8,2,0,1,1,9100
131072,8,2,0,0,1,9100
131072,8,4,1,1,1,9100
131072,8,4,1,0,1,9100
131072,8,4,0,1,1,9100
131072,8,4,0,0,1,9100
131072,8,8,1,1,1,9100
131072,8,8,1,0,1,9100
131072,8,8,0,1,1,9100
131072,8,8,0,0,1,9100
131072,8,16,1,1,1,9100
131072,8,16,1,0,1,9100
131072,8,16,0,1,1,9100
131072,8,16,0,0,1,9100
131072,8,32,1,1,1,9100
131072,8,32,1,0,1,9100
131072,8,32,0,1,1,9100
131072,8,32,0,0,1,9100
131072,16,1,1,1,1,9100
131072,16,1,1,0,1,9100
131072,16,1,0,1,1,9100
131072,16,1,0,0,1,9100
131072,16,2,1,1,1,9100
131072,16,2,1,0,1,9100
131072,16,2,0,1,1,9100
131072,16,2,0,0,1,9100
131072,16,4,1,1,1,9100
131072,16,4,1,0,1,9100
131072,16,4,0,1,1,9100
131072,16,4,0,0,1,9100
131072,16,8,1,1,1,9100
131072,16,8,1,0,1,9100
131072,16,8,0,1,1,9100
131072,16,8,0,0,1,9100
131072,16,16,1,1,1,9100
131072,16,16,1,0,1,9100
131072,16,16,0,1,1,9100
131072,16,16,0,0,1,9100
131072,16,32,1,1,1,9100
131072,16,32,1,0,1,9100
131072,16,32,0,1,1,9100
131072,16,32,0,0,1,9100
131072,32,1,1,1,1,9100
131072,32,1,1,0,1,9100
131072,32,1,0,1,1,9100
131072,32,1,0,0,1,9100
131072,32,2,1,1,1,9100
131072,32,2,1,0,1,9100
131072,32,2,0,1,1,9100
131072,32,2,0,0,1,9100
131072,32,4,1,1,1,9100
131072,32,4,1,0,1,9100
131072,32,4,0,1,1,9100
131072,32,4,0,0,1,9100
131072,32,8,1,1,1,9100
131072,32,8,1,0,1,9100
131072,32,8,0,1,1,9100
131072,32,8,0,0,1,9100
131072,32,16,1,1,1,9100
131072,32,16,1,0,1,9100
131072,32,16,0,1,1,9100
131072,32,16,0,0,1,9100
131072,32,32,1,1,1,9100
131072,32,32,1,0,1,9100
131072,32,32,0,1,1,9100
131072,32,32,0,0,1,9100
131072,64,1,1,1,1,9100
131072,64,1,1,0,1,9100
131072,64,1,0,1,1,9100
131072,64,1,0,0,1,9100
131072,64,2,1,1,1,9100
131072,64,2,1,0,1,9100
131072,64,2,0,1,1,9100
131072,64,2,0,0,1,9100
131072,64,4,1,1,1,9100
131072,64,4,1,0,1,9100
131072,64,4,0,1,1,9100
131072,64,4,0,0,1,9100
131072,64,8,1,1,1,9100
131072,64,8,1,0,1,9100
131072,64,8,0,1,1,9100
131072,64,8,0,0,1,9100
131072,64,16,1,1,1,9100
131072,64,16,1,0,1,9100
131072,64,16,0,1,1,9100
131072,64,16,0,0,1,9100
131072,64,32,1,1,1,9100
131072,64,32,1,0,1,9100
131072,64,32,0,1,1,9100
131072,64,32,0,0,1,9100
131072,128,1,1,1,0.857143,7813
131072,128,1,1,0,0.923077,8407
131072,128,1,0,1,0.857143,7813
131072,128,1,0,0,0.923077,8407
131072,128,2,1,1,0.857143,7813
131072,128,2,1,0,0.923077,8407
131072,128,2,0,1,0.857143,7813
131072,128,2,0,0,0.923077,8407
131072,128,4,1,1,0.857143,7813
131072,128,4,1,0,0.923077,8407
131072,128,4,0,1,0.857143,7813
131072,128,4,0,0,0.923077,8407
131072,128,8,1,1,0.857143,7813
131072,128,8,1,0,0.923077,8407
131072,128,8,0,1,0.857143,7813
131072,128,8,0,0,0.923077,8407
131072,128,16,1,1,0.857143,7813
131072,128,16,1,0,0.923077,8407
131072,128,16,0,1,0.857143,7813
131072,128,16,0,0,0.923077,8407
131072,128,32,1,1,0.857143,7813
131072,128,32,1,0,0.923077,8407
131072,128,32,0,1,0.857143,7813
131072,128,32,0,0,0.923077,8407
131072,256,1,1,1,0.703297,6427
131072,256,1,1,0,0.835165,7615
131072,256,1,0,1,0.703297,6427
131072,256,1,0,0,0.835165,7615
131072,256,2,1,1,0.703297,6427
131072,256,2,1,0,0.835165,7615
131072,256,2,0,1,0.703297,6427
131072,256,2,0,0,0.835165,7615
131072,256,4,1,1,0.703297,6427
131072,256,4,1,0,0.835165,7615
131072,256,4,0,1,0.703297,6427
131072,256,4,0,0,0.835165,7615
131072,256,8,1,1,0.703297,6427
131072,256,8,1,0,0.835165,7615
131072,256,8,0,1,0.703297,6427
131072,256,8,0,0,0.835165,7615
131072,256,16,1,1,0.703297,6427
131072,256,16,1,0,0.835165,7615
131072,256,16,0,1,0.703297,6427
131072,256,16,0,0,0.835165,7615
131072,256,32,1,1,0.703297,6427
131072,256,32,1,0,0.835165,7615
131072,256,32,0,1,0.703297,6427
131072,256,32,0,0,0.835165,7615
131072,512,1,1,1,0.428571,3952
131072,512,1,1,0,0.681319,6229
131072,512,1,0,1,0.428571,3952
131072,512,1,0,0,0.681319,6229
131072,512,2,1,1,0.428571,3952
131072,512,2,1,0,0.681319,6229
131072,512,2,0,1,0.428571,3952
131072,512,2,0,0,0.681319,6229
131072,512,4,1,1,0.428571,3952
131072,512,4,1,0,0.681319,6229
131072,512,4,0,1,0.428571,3952
131072,512,4,0,0,0.681319,6229
131072,512,8,1,1,0.428571,3952
131072,512,8,1,0,0.681319,6229
131072,512,8,0,1,0.428571,3952
131072,512,8,0,0,0.681319,6229
131072,512,16,1,1,0.428571,3952
131072,512,16,1,0,0.681319,6229
131072,512,16,0,1,0.428571,3952
131072,512,16,0,0,0.681319,6229
131072,512,32,1,1,0.428571,3952
131072,512,32,1,0,0.681319,6229
131072,512,32,0,1,0.428571,3952
131072,512,32,0,0,0.681319,6229
131072,1024,1,1,1,0.274725,2566
131072,1024,1,1,0,0.615385,5635
131072,1024,1,0,1,0.274725,2566
131072,1024,1,0,0,0.615385,5635
131072,1024,2,1,1,0.274725,2566
131072,1024,2,1,0,0.615385,5635
131072,1024,2,0,1,0.274725,2566
131072,1024,2,0,0,0.615385,5635
131072,1024,4,1,1,0.274725,2566
131072,1024,4,1,0,0.615385,5635
131072,1024,4,0,1,0.274725,2566
131072,1024,4,0,0,0.615385,5635
131072,1024,8,1,1,0.274725,2566
131072,1024,8,1,0,0.615385,5635
131072,1024,8,0,1,0.274725,2566
131072,1024,8,0,0,0.615385,5635
131072,1024,16,1,1,0.274725,2566
131072,1024,16,1,0,0.615385,5635
131072,1024,16,0,1,0.274725,2566
131072,1024,16,0,0,0.615385,5635
131072,1024,32,1,1,0.274725,2566
131072,1024,32,1,0,0.615385,5635
131072,1024,32,0,1,0.274725,2566
131072,1024,32,0,0,0.615385,5635
131072,2048,1,1,1,0.197802,1873
131072,2048,1,1,0,0.582418,5338
131072,2048,1,0,1,0.197802,1873
131072,2048,1,0,0,0.582418,5338
131072,2048,2,1,1,0.197802,1873
131072,2048,2,1,0,0.582418,5338
131072,2048,2,0,1,0.197802,1873
131072,2048,2,0,0,0.582418,5338
131072,2048,4,1,1,0.197802,1873
131072,2048,4,1,0,0.582418,5338
131072,2048,4,0,1,0.197802,1873
131072,2048,4,0,0,0.582418,5338
131072,2048,8,1,1,0.197802,1873
131072,2048,8,1,0,0.582418,5338
131072,2048,8,0,1,0.197802,1873
131072,2048,8,0,0,0.582418,5338
131072,2048,16,1,1,0.197802,1873
131072,2048,16,1,0,0.582418,5338
131072,2048,16,0,1,0.197802,1873
131072,2048,16,0,0,0.582418,5338
131072,2048,32,1,1,0.197802,1873
131072,2048,32,1,0,0.582418,5338
131072,2048,32,0,1,0.197802,1873
131072,2048,32,0,0,0.582418,5338
131072,4096,1,1,1,0.10989,1081
131072,4096,1,1,0,0.549451,5041
131072,4096,1,0,1,0.10989,1081
131072,4096,1,0,0,0.549451,5041
131072,4096,2,1,1,0.10989,1081
131072,4096,2,1,0,0.549451,5041
131072,4096,2,0,1,0.10989,1081
131072,4096,2,0,0,0.549451,5041
131072,4096,4,1,1,0.10989,1081
131072,4096,4,1,0,0.549451,5041
131072,4096,4,0,1,0.10989,1081
131072,4096,4,0,0,0.549451,5041
131072,4096,8,1,1,0.10989,1081
131072,4096,8,1,0,0.549451,5041
131072,4096,8,0,1,0.10989,1081
131072,4096,8,0,0,0.549451,5041
131072,4096,16,1,1,0.10989,1081
131072,4096,16,1,0,0.549451,5041
131072,4096,16,0,1,0.10989,1081
131072,4096,16,0,0,0.549451,5041
131072,4096,32,1,1,0.10989,1081
131072,4096,32,1,0,0.549451,5041
131072,4096,32,0,1,0.10989,1081
131072,4096,32,0,0,0.549451,5041
262144,1,1,1,1,1,9100
262144,1,1,1,0,1,9100
262144,1,1,0,1,1,9100
262144,1,1,0,0,1,9100
262144,1,2,1,1,1,9100
262144,1,2,1,0,1,9100
262144,1,2,0,1,1,9100
262144,1,2,0,0,1,9100
262144,1,4,1,1,1,9100
262144,1,4,1,0,1,9100
262144,1,4,0,1,1,9100
262144,1,4,0,0,1,9100
262144,1,8,1,1,1,9100
262144,1,8,1,0,1,9100
262144,1,8,0,1,1,9100
262144,1,8,0,0,1,9100
262144,1,16,1,1,1,9100
262144,1,16,1,0,1,9100
262144,1,16,0,1,1,9100
262144,1,16,0,0,1,9100
262144,1,32,1,1,1,9100
262144,1,32,1,0,1,9100
262144,1,32,0,1,1,9100
262144,1,32,0,0,1,9100
262144,2,1,1,1,1,9100
262144,2,1,1,0,1,9100
262144,2,1,0,1,1,9100
262144,2,1,0,0,1,9100
262144,2,2,1,1,1,9100
262144,2,2,1,0,1,9100
262144,2,2,0,1,1,9100
262144,2,2,0,0,1,9100
262144,2,4,1,1,1,9100
262144,2,4,1,0,1,9100
262144,2,4,0,1,1,9100
262144,2,4,0,0,1,9100
262144,2,8,1,1,1,9100
262144,2,8,1,0,1,9100
262144,2,8,0,1,1,9100
262144,2,8,0,0,1,9100
262144,2,16,1,1,1,9100
262144,2,16,1,0,1,9100
262144,2,16,0,1,1,9100
262144,2,16,0,0,1,9100
262144,2,32,1,1,1,9100
262144,2,32,1,0,1,9100
262144,2,32,0,1,1,9100
262144,2,32,0,0,1,9100
262144,4,1,1,1,1,9100
262144,4,1,1,0,1,9100
262144,4,1,0,1,1,9100
262144,4,1,0,0,1,9100
262144,4,2,1,1,1,9100
262144,4,2,1,0,1,9100
262144,4,2,0,1,1,9100
262144,4,2,0,0,1,9100
262144,4,4,1,1,1,9100
262144,4,4,1,0,1,9100
262144,4,4,0,1,1,9100
262144,4,4,0,0,1,9100
262144,4,8,1,1,1,9100
262144,4,8,1,0,1,9100
262144,4,8,0,1,1,9100
262144,4,8,0,0,1,9100
262144,4,16,1,1,1,9100
262144,4,16,1,0,1,9100
262144,4,16,0,1,1,9100
262144,4,16,0,0,1,9100
262144,4,32,1,1,1,9100
262144,4,32,1,0,1,9100
262144,4,32,0,1,1,9100
262144,4,32,0,0,1,9100
262144,8,1,1,1,1,9100
262144,8,1,1,0,1,9100
262144,8,1,0,1,1,9100
262144,8,1,0,0,1,9100
262144,8,2,1,1,1,9100
262144,8,2,1,0,1,9100
262144,8,2,0,1,1,9100
262144,8,2,0,0,1,9100
262144,8,4,1,1,1,9100
262144,8,4,1,0,1,9100
262144,8,4,0,1,1,9100
262144,8,4,0,0,1,9100
262144,8,8,1,1,1,9100
262144,8,8,1,0,1,9100
262144,8,8,0,1,1,9100
262144,8,8,0,0,1,9100
262144,8,16,1,1,1,9100
262144,8,16,1,0,1,9100
262144,8,16,0,1,1,9100
262144,8,16,0,0,1,9100
262144,8,32,1,1,1,9100
262144,8,32,1,0,1,9100
262144,8,32,0,1,1,9100
262144,8,32,0,0,1,9100
262144,16,1,1,1,1,9100
262144,16,1,1,0,1,9100
262144,16,1,0,1,1,9100
262144,16,1,0,0,1,9100
262144,16,2,1,1,1,9100
262144,16,2,1,0,1,9100
262144,16,2,0,1,1,9100
262144,16,2,0,0,1,9100
262144,16,4,1,1,1,9100
262144,16,4,1,0,1,9100
262144,16,4,0,1,1,9100
262144,16,4,0,0,1,9100
262144,16,8,1,1,1,9100
262144,16,8,1,0,1,9100
262144,16,8,0,1,1,9100
262144,16,8,0,0,1,9100
262144,16,16,1,1,1,9100
262144,16,16,1,0,1,9100
262144,16,16,0,1,1,9100
262144,16,16,0,0,1,9100
262144,16,32,1,1,1,9100
262144,16,32,1,0,1,9100
262144,16,32,0,1,1,9100
262144,16,32,0,0,1,9100
262144,32,1,1,1,1,9100
262144,32,1,1,0,1,9100
262144,32,1,0,1,1,9100
262144,32,1,0,0,1,9100
262144,32,2,1,1,1,9100
262144,32,2,1,0,1,9100
262144,32,2,0,1,1,9100
262144,32,2,0,0,1,9100
262144,32,4,1,1,1,9100
262144,32,4,1,0,1,9100
262144,32,4,0,1,1,9100
262144,32,4,0,0,1,9100
262144,32,8,1,1,1,9100
262144,32,8,1,0,1,9100
262144,32,8,0,1,1,9100
262144,32,8,0,0,1,9100
262144,32,16,1,1,1,9100
262144,32,16,1,0,1,9100
262144,32,16,0,1,1,9100
262144,32,16,0,0,1,9100
262144,32,32,1,1,1,9100
262144,32,32,1,0,1,9100
262144,32,32,0,1,1,9100
262144,32,32,0,0,1,9100
262144,64,1,1,1,1,9100
262144,64,1,1,0,1,9100
262144,64,1,0,1,1,9100
262144,64,1,0,0,1,9100
262144,64,2,1,1,1,9100
262144,64,2,1,0,1,9100
262144,64,2,0,1,1,9100
262144,64,2,0,0,1,9100
262144,64,4,1,1,1,9100
262144,64,4,1,0,1,9100
262144,64,4,0,1,1,9100
262144,64,4,0,0,1,9100
262144,64,8,1,1,1,9100
262144,64,8,1,0,1,9100
262144,64,8,0,1,1,9100
262144,64,8,0,0,1,9100
262144,64,16,1,1,1,9100
262144,64,16,1,0,1,9100
262144,64,16,0,1,1,9100
262144,64,16,0,0,1,9100
262144,64,32,1,1,1,9100
262144,64,32,1,0,1,9100
262144,64,32,0,1,1,9100
262144,64,32,0,0,1,9100
262144,128,1,1,1,0.857143,7813
262144,128,1,1,0,0.923077,8407
262144,128,1,0,1,0.857143,7813
262144,128,1,0,0,0.923077,8407
262144,128,2,1,1,0.857143,7813
262144,128,2,1,0,0.923077,8407
262144,128,2,0,1,0.857143,7813
262144,128,2,0,0,0.923077,8407
262144,128,4,1,1,0.857143,7813
262144,128,4,1,0,0.923077,8407
262144,128,4,0,1,0.857143,7813
262144,128,4,0,0,0.923077,8407
262144,128,8,1,1,0.857143,7813
262144,128,8,1,0,0.923077,8407
262144,128,8,0,1,0.857143,7813
262144,128,8,0,0,0.923077,8407
262144,128,16,1,1,0.857143,7813
262144,128,16,1,0,0.923077,8407
262144,128,16,0,1,0.857143,7813
262144,128,16,0,0,0.923077,8407
262144,128,32,1,1,0.857143,7813
262144,128,32,1,0,0.923077,8407
262144,128,32,0,1,0.857143,7813
262144,128,32,0,0,0.923077,8407
262144,256,1,1,1,0.703297,6427
262144,256,1,1,0,0.835165,7615
262144,256,1,0,1,0.703297,6427
262144,256,1,0,0,0.835165,7615
262144,256,2,1,1,0.703297,6427
262144,256,2,1,0,0.835165,7615
262144,256,2,0,1,0.703297,6427
262144,256,2,0,0,0.835165,7615
262144,256,4,1,1,0.703297,6427
262144,256,4,1,0,0.835165,7615
262144,256,4,0,1,0.703297,6427
262144,256,4,0,0,0.835165,7615
262144,256,8,1,1,0.703297,6427
262144,256,8,1,0,0.835165,7615
262144,256,8,0,1,0.703297,6427
262144,256,8,0,0,0.835165,7615
262144,256,16,1,1,0.703297,6427
262144,256,16,1,0,0.835165,7615
262144,256,16,0,1,0.703297,6427
262144,256,16,0,0,0.835165,7615
262144,256,32,1,1,0.703297,6427
262144,256,32,1,0,0.835165,7615
262144,256,32,0,1,0.703297,6427
262144,256,32,0,0,0.835165,7615
262144,512,1,1,1,0.428571,3952
262144,512,1,1,0,0.681319,6229
262144,512,1,0,1,0.428571,3952
262144,512,1,0,0,0.681319,6229
262144,512,2,1,1,0.428571,3952
262144,512,2,1,0,0.681319,6229
262144,512,2,0,1,0.428571,3952
262144,512,2,0,0,0.681319,6229
262144,512,4,1,1,0.428571,3952
262144,512,4,1,0,0.681319,6229
262144,512,4,0,1,0.428571,3952
262144,512,4,0,0,0.681319,6229
262144,512,8,1,1,0.428571,3952
262144,512,8,1,0,0.681319,6229
262144,512,8,0,1,0.428571,3952
262144,512,8,0,0,0.681319,6229
262144,512,16,1,1,0.428571,3952
262144,512,16,1,0,0.681319,6229
262144,512,16,0,1,0.428571,3952
262144,512,16,0,0,0.681319,6229
262144,512,32,1,1,0.428571,3952
262144,512,32,1,0,0.681319,6229
262144,512,32,0,1,0.428571,3952
262144,512,32,0,0,0.681319,6229
262144,1024,1,1,1,0.274725,2566
262144,1024,1,1,0,0.615385,5635
262144,1024,1,0,1,0.274725,2566
262144,1024,1,0,0,0.615385,5635
262144,1024,2,1,1,0.274725,2566
262144,1024,2,1,0,0.615385,5635
262144,1024,2,0,1,0.274725,2566
262144,1024,2,0,0,0.615385,5635
262144,1024,4,1,1,0.274725,2566
262144,1024,4,1,0,0.615385,5635
262144,1024,4,0,1,0.274725,2566
262144,1024,4,0,0,0.615385,5635
262144,1024,8,1,1,0.274725,2566
262144,1024,8,1,0,0.615385,5635
262144,1024,8,0,1,0.274725,2566
262144,1024,8,0,0,0.615385,5635
262144,1024,16,1,1,0.274725,2566
262144,1024,16,1,0,0.615385,5635
262144,1024,16,0,1,0.274725,2566
262144,1024,16,0,0,0.615385,5635
262144,1024,32,1,1,0.274725,2566
262144,1024,32,1,0,0.615385,5635
262144,1024,32,0,1,0.274725,2566
262144,1024,32,0,0,0.615385,5635
262144,2048,1,1,1,0.197802,1873
262144,2048,1,1,0,0.582418,5338
262144,2048,1,0,1,0.197802,1873
262144,2048,1,0,0,0.582418,5338
262144,2048,2,1,1,0.197802,1873
262144,2048,2,1,0,0.582418,5338
262144,2048,2,0,1,0.197802,1873
262144,2048,2,0,0,0.582418,5338
262144,2048,4,1,1,0.197802,1873
262144,2048,4,1,0,0.582418,5338
262144,2048,4,0,1,0.197802,1873
262144,2048,4,0,0,0.582418,5338
262144,2048,8,1,1,0.197802,1873
262144,2048,8,1,0,0.582418,5338
262144,2048,8,0,1,0.197802,1873
262144,2048,8,0,0,0.582418,5338
262144,2048,16,1,1,0.197802,1873
262144,2048,16,1,0,0.582418,5338
262144,2048,16,0,1,0.197802,1873
262144,2048,16,0,0,0.582418,5338
262144,2048,32,1,1,0.197802,1873
262144,2048,32,1,0,0.582418,5338
262144,2048,32,0,1,0.197802,1873
262144,2048,32,0,0,0.582418,5338
262144,4096,1,1,1,0.10989,1081
262144,4096,1,1,0,0.549451,5041
262144,4096,1,0,1,0.10989,1081
262144,4096,1,0,0,0.549451,5041
262144,4096,2,1,1,0.10989,1081
262144,4096,2,1,0,0.549451,5041
262144,4096,2,0,1,0.10989,1081
262144,4096,2,0,0,0.549451,5041
262144,4096,4,1,1,0.10989,1081
262144,4096,4,1,0,0.549451,5041
262144,4096,4,0,1,0.10989,1081
262144,4096,4,0,0,0.549451,5041
262144,4096,8,1,1,0.10989,1081
262144,4096,8,1,0,0.549451,5041
262144,4096,8,0,1,0.10989,1081
262144,4096,8,0,0,0.549451,5041
262144,4096,16,1,1,0.10989,1081
262144,4096,16,1,0,0.549451,5041
262144,4096,16,0,1,0.10989,1081
262144,4096,16,0,0,0.549451,5041
262144,4096,32,1,1,0.10989,1081
262144,4096,32,1,0,0.549451,5041
262144,4096,32,0,1,0.10989,1081
262144,4096,32,0,0,0.549451,5041
524288,1,1,1,1,1,9100
524288,1,1,1,0,1,9100
524288,1,1,0,1,1,9100
524288,1,1,0,0,1,9100
524288,1,2,1,1,1,9100
524288,1,2,1,0,1,9100
524288,1,2,0,1,1,9100
524288,1,2,0,0,1,9100
524288,1,4,1,1,1,9100
524288,1,4,1,0,1,9100
524288,1,4,0,1,1,9100
524288,1,4,0,0,1,9100
524288,1,8,1,1,1,9100
524288,1,8,1,0,1,9100
524288,1,8,0,1,1,9100
524288,1,8,0,0,1,9100
524288,1,16,1,1,1,9100
524288,1,16,1,0,1,9100
524288,1,16,0,1,1,9100
524288,1,16,0,0,1,9100
524288,1,32,1,1,1,9100
524288,1,32,1,0,1,9100
524288,1,32,0,1,1,9100
524288,1,32,0,0,1,9100
524288,2,1,1,1,1,9100
524288,2,1,1,0,1,9100
524288,2,1,0,1,1,9100
524288,2,1,0,0,1,9100
524288,2,2,1,1,1,9100
524288,2,2,1,0,1,9100
524288,2,2,0,1,1,9100
524288,2,2,0,0,1,9100
524288,2,4,1,1,1,9100
524288,2,4,1,0,1,9100
524288,2,4,0,1,1,9100
524288,2,4,0,0,1,9100
524288,2,8,1,1,1,9100
524288,2,8,1,0,1,9100
524288,2,8,0,1,1,9100
524288,2,8,0,0,1,9100
524288,2,16,1,1,1,9100
524288,2,16,1,0,1,9100
524288,2,16,0,1,1,9100
524288,2,16,0,0,1,9100
524288,2,32,1,1,1,9100
524288,2,32,1,0,1,9100
524288,2,32,0,1,1,9100
524288,2,32,0,0,1,9100
524288,4,1,1,1,1,9100
524288,4,1,1,0,1,9100
524288,4,1,0,1,1,9100
524288,4,1,0,0,1,9100
524288,4,2,1,1,1,9100
524288,4,2,1,0,1,9100
524288,4,2,0,1,1,9100
524288,4,2,0,0,1,9100
524288,4,4,1,1,1,9100
524288,4,4,1,0,1,9100
524288,4,4,0,1,1,9100
524288,4,4,0,0,1,9100
524288,4,8,1,1,1,9100
524288,4,8,1,0,1,9100
524288,4,8,0,1,1,9100
524288,4,8,0,0,1,9100
524288,4,16,1,1,1,9100
524288,4,16,1,0,1,9100
524288,4,16,0,1,1,9100
524288,4,16,0,0,1,9100
524288,4,32,1,1,1,9100
524288,4,32,1,0,1,9100
524288,4,32,0,1,1,9100
524288,4,32,0,0,1,9100
524288,8,1,1,1,1,9100
524288,8,1,1,0,1,9100
524288,8,1,0,1,1,9100
524288,8,1,0,0,1,9100
524288,8,2,1,1,1,9100
524288,8,2,1,0,1,9100
524288,8,2,0,1,1,9100
524288,8,2,0,0,1,9100
524288,8,4,1,1,1,9100
524288,8,4,1,0,1,9100
524288,8,4,0,1,1,9100
524288,8,4,0,0,1,9100
524288,8,8,1,1,1,9100
524288,8,8,1,0,1,9100
524288,8,8,0,1,1,9100
524288,8,8,0,0,1,9100
524288,8,16,1,1,1,9100
524288,8,16,1,0,1,9100
524288,8,16,0,1,1,9100
524288,8,16,0,0,1,9100
524288,8,32,1,1,1,9100
524288,8,32,1,0,1,9100
524288,8,32,0,1,1,9100
524288,8,32,0,0,1,9100
524288,16,1,1,1,1,9100
524288,16,1,1,0,1,9100
524288,16,1,0,1,1,9100
524288,16,1,0,0,1,9100
524288,16,2,1,1,1,9100
524288,16,2,1,0,1,9100
524288,16,2,0,1,1,9100
524288,16,2,0,0,1,9100
524288,16,4,1,1,1,9100
524288,16,4,1,0,1,9100
524288,16,4,0,1,1,9100
524288,16,4,0,0,1,9100
524288,16,8,1,1,1,9100
524288,16,8,1,0,1,9100
524288,16,8,0,1,1,9100
524288,16,8,0,0,1,9100
524288,16,16,1,1,1,9100
524288,16,16,1,0,1,9100
524288,16,16,0,1,1,9100
524288,16,16,0,0,1,9100
524288,16,32,1,1,1,9100
524288,16,32,1,0,1,9100
524288,16,32,0,1,1,9100
524288,16,32,0,0,1,9100
524288,32,1,1,1,1,9100
524288,32,1,1,0,1,9100
524288,32,1,0,1,1,9100
524288,32,1,0,0,1,9100
524288,32,2,1,1,1,9100
524288,32,2,1,0,1,9100
524288,32,2,0,1,1,9100
524288,32,2,0,0,1,9100
524288,32,4,1,1,1,9100
524288,32,4,1,0,1,9100
524288,32,4,0,1,1,9100
524288,32,4,0,0,1,9100
524288,32,8,1,1,1,9100
524288,32,8,1,0,1,9100
524288,32,8,0,1,1,9100
524288,32,8,0,0,1,9100
524288,32,16,1,1,1,9100
524288,32,16,1,0,1,9100
524288,32,16,0,1,1,9100
524288,32,16,0,0,1,9100
524288,32,32,1,1,1,9100
524288,32,32,1,0,1,9100
524288,32,32,0,1,1,9100
524288,32,32,0,0,1,9100
524288,64,1,1,1,1,9100
524288,64,1,1,0,1,9100
524288,64,1,0,1,1,9100
524288,64,1,0,0,1,9100
524288,64,2,1,1,1,9100
524288,64,2,1,0,1,9100
524288,64,2,0,1,1,9100
524288,64,2,0,0,1,9100
524288,64,4,1,1,1,9100
524288,64,4,1,0,1,9100
524288,64,4,0,1,1,9100
524288,64,4,0,0,1,9100
524288,64,8,1,1,1,9100
524288,64,8,1,0,1,9100
524288,64,8,0,1,1,9100
524288,64,8,0,0,1,9100
524288,64,16,1,1,1,9100
524288,64,16,1,0,1,9100
524288,64,16,0,1,1,9100
524288,64,16,0,0,1,9100
524288,64,32,1,1,1,9100
524288,64,32,1,0,1,9100
524288,64,32,0,1,1,9100
524288,64,32,0,0,1,9100
524288,128,1,1,1,0.857143,7813
524288,128,1,1,0,0.923077,8407
524288,128,1,0,1,0.857143,7813
524288,128,1,0,0,0.923077,8407
524288,128,2,1,1,0.857143,7813
524288,128,2,1,0,0.923077,8407
524288,128,2,0,1,0.857143,7813
524288,128,2,0,0,0.923077,8407
524288,128,4,1,1,0.857143,7813
524288,128,4,1,0,0.923077,8407
524288,128,4,0,1,0.857143,7813
524288,128,4,0,0,0.923077,8407
524288,128,8,1,1,0.857143,7813
524288,128,8,1,0,0.923077,8407
524288,128,8,0,1,0.857143,7813
524288,128,8,0,0,0.923077,8407
524288,128,16,1,1,0.857143,7813
524288,128,16,1,0,0.923077,8407
524288,128,16,0,1,0.857143,7813
524288,128,16,0,0,0.923077,8407
524288,128,32,1,1,0.857143,7813
524288,128,32,1,0,0.923077,8407
524288,128,32,0,1,0.857143,7813
524288,128,32,0,0,0.923077,8407
524288,256,1,1,1,0.703297,6427
524288,256,1,1,0,0.835165,7615
524288,256,1,0,1,0.703297,6427
524288,256,1,0,0,0.835165,7615
524288,256,2,1,1,0.703297,6427
524288,256,2,1,0,0.835165,7615
524288,256,2,0,1,0.703297,6427
524288,256,2,0,0,0.835165,7615
524288,256,4,1,1,0.703297,6427
524288,256,4,1,0,0.835165,7615
524288,256,4,0,1,0.703297,6427
524288,256,4,0,0,0.835165,7615
524288,256,8,1,1,0.703297,6427
524288,256,8,1,0,0.835165,7615
524288,256,8,0,1,0.703297,6427
524288,256,8,0,0,0.835165,7615
524288,256,16,1,1,0.703297,6427
524288,256,16,1,0,0.835165,7615
524288,256,16,0,1,0.703297,6427
524288,256,16,0,0,0.835165,7615
524288,256,32,1,1,0.703297,6427
524288,256,32,1,0,0.835165,7615
524288,256,32,0,1,0.703297,6427
524288,256,32,0,0,0.835165,7615
524288,512,1,1,1,0.428571,3952
524288,512,1,1,0,0.681319,6229
524288,512,1,0,1,0.428571,3952
524288,512,1,0,0,0.681319,6229
524288,512,2,1,1,0.428571,3952
524288,512,2,1,0,0.681319,6229
524288,512,2,0,1,0.428571,3952
524288,512,2,0,0,0.681319,6229
524288,512,4,1,1,0.428571,3952
524288,512,4,1,0,0.681319,6229
524288,512,4,0,1,0.428571,3952
524288,512,4,0,0,0.681319,6229
524288,512,8,1,1,0.428571,3952
524288,512,8,1,0,0.681319,6229
524288,512,8,0,1,0.428571,3952
524288,512,8,0,0,0.681319,6229
524288,512,16,1,1,0.428571,3952
524288,512,16,1,0,0.681319,6229
524288,512,16,0,1,0.428571,3952
524288,512,16,0,0,0.681319,6229
524288,512,32,1,1,0.428571,3952
524288,512,32,1,0,0.681319,6229
524288,512,32,0,1,0.428571,3952
524288,512,32,0,0,0.681319,6229
524288,1024,1,1,1,0.274725,2566
524288,1024,1,1,0,0.615385,5635
524288,1024,1,0,1,0.274725,2566
524288,1024,1,0,0,0.615385,5635
524288,1024,2,1,1,0.274725,2566
524288,1024,2,1,0,0.615385,5635
524288,1024,2,0,1,0.274725,2566
524288,1024,2,0,0,0.615385,5635
524288,1024,4,1,1,0.274725,2566
524288,1024,4,1,0,0.615385,5635
524288,1024,4,0,1,0.274725,2566
524288,1024,4,0,0,0.615385,5635
524288,1024,8,1,1,0.274725,2566
524288,1024,8,1,0,0.615385,5635
524288,1024,8,0,1,0.274725,2566
524288,1024,8,0,0,0.615385,5635
524288,1024,16,1,1,0.274725,2566
524288,1024,16,1,0,0.615385,5635
524288,1024,16,0,1,0.274725,2566
524288,1024,16,0,0,0.615385,5635
524288,1024,32,1,1,0.274725,2566
524288,1024,32,1,0,0.615385,5635
524288,1024,32,0,1,0.274725,2566
524288,1024,32,0,0,0.615385,5635
524288,2048,1,1,1,0.197802,1873
524288,2048,1,1,0,0.582418,5338
524288,2048,1,0,1,0.197802,1873
524288,2048,1,0,0,0.582418,5338
524288,2048,2,1,1,0.197802,1873
524288,2048,2,1,0,0.582418,5338
524288,2048,2,0,1,0.197802,1873
524288,2048,2,0,0,0.582418,5338
524288,2048,4,1,1,0.197802,1873
524288,2048,4,1,0,0.582418,5338
524288,2048,4,0,1,0.197802,1873
524288,2048,4,0,0,0.582418,5338
524288,2048,8,1,1,0.197802,1873
524288,2048,8,1,0,0.582418,5338
524288,2048,8,0,1,0.197802,1873
524288,2048,8,0,0,0.582418,5338
524288,2048,16,1,1,0.197802,1873
524288,2048,16,1,0,0.582418,5338
524288,2048,16,0,1,0.197802,1873
524288,2048,16,0,0,0.582418,5338
524288,2048,32,1,1,0.197802,1873
524288,2048,32,1,0,0.582418,5338
524288,2048,32,0,1,0.197802,1873
524288,2048,32,0,0,0.582418,5338
524288,4096,1,1,1,0.10989,1081
524288,4096,1,1,0,0.549451,5041
524288,4096,1,0,1,0.10989,1081
524288,4096,1,0,0,0.549451,5041
524288,4096,2,1,1,0.10989,1081
524288,4096,2,1,0,0.549451,5041
524288,4096,2,0,1,0.10989,1081
524288,4096,2,0,0,0.549451,5041
524288,4096,4,1,1,0.10989,1081
524288,4096,4,1,0,0.549451,5041
524288,4096,4,0,1,0.10989,1081
524288,4096,4,0,0,0.549451,5041
524288,4096,8,1,1,0.10989,1081
524288,4096,8,1,0,0.549451,5041
524288,4096,8,0,1,0.10989,1081
524288,4096,8,0,0,0.549451,5041
524288,4096,16,1,1,0.10989,1081
524288,4096,16,1,0,0.549451,5041
524288,4096,16,0,1,0.10989,1081
524288,4096,16,0,0,0.549451,5041
524288,4096,32,1,1,0.10989,1081
524288,4096,32,1,0,0.549451,5041
524288,4096,32,0,1,0.10989,1081
524288,4096,32,0,0,0.549451,5041
1048576,1,1,1,1,1,9100
1048576,1,1,1,0,1,9100
1048576,1,1,0,1,1,9100
1048576,1,1,0,0,1,9100
1048576,1,2,1,1,1,9100
1048576,1,2,1,0,1,9100
1048576,1,2,0,1,1,9100
1048576,1,2,0,0,1,9100
1048576,1,4,1,1,1,9100
1048576,1,4,1,0,1,9100
1048576,1,4,0,1,1,9100
1048576,1,4,0,0,1,9100
1048576,1,8,1,1,1,9100
1048576,1,8,1,0,1,9100
1048576,1,8,0,1,1,9100
1048576,1,8,0,0,1,9100
1048576,1,16,1,1,1,9100
1048576,1,16,1,0,1,9100
1048576,1,16,0,1,1,9100
1048576,1,16,0,0,1,9100
1048576,1,32,1,1,1,9100
1048576,1,32,1,0,1,9100
1048576,1,32,0,1,1,9100
1048576,1,32,0,0,1,9100
1048576,2,1,1,1,1,9100
1048576,2,1,1,0,1,9100
1048576,2,1,0,1,1,9100
1048576,2,1,0,0,1,9100
1048576,2,2,1,1,1,9100
1048576,2,2,1,0,1,9100
1048576,2,2,0,1,1,9100
1048576,2,2,0,0,1,9100
1048576,2,4,1,1,1,9100
1048576,2,4,1,0,1,9100
1048576,2,4,0,1,1,9100
1048576,2,4,0,0,1,9100
1048576,2,8,1,1,1,9100
1048576,2,8,1,0,1,9100
1048576,2,8,0,1,1,9100
1048576,2,8,0,0,1,9100
1048576,2,16,1,1,1,9100
1048576,2,16,1,0,1,9100
1048576,2,16,0,1,1,9100
1048576,2,16,0,0,1,9100
1048576,2,32,1,1,1,9100
1048576,2,32,1,0,1,9100
1048576,2,32,0,1,1,9100
1048576,2,32,0,0,1,9100
1048576,4,1,1,1,1,9100
1048576,4,1,1,0,1,9100
1048576,4,1,0,1,1,9100
1048576,4,1,0,0,1,9100
1048576,4,2,1,1,1,9100
1048576,4,2,1,0,1,9100
1048576,4,2,0,1,1,9100
1048576,4,2,0,0,1,9100
1048576,4,4,1,1,1,9100
1048576,4,4,1,0,1,9100
1048576,4,4,0,1,1,9100
1048576,4,4,0,0,1,9100
1048576,4,8,1,1,1,9100
1048576,4,8,1,0,1,9100
1048576,4,8,0,1,1,9100
1048576,4,8,0,0,1,9100
1048576,4,16,1,1,1,9100
1048576,4,16,1,0,1,9100
1048576,4,16,0,1,1,9100
1048576,4,16,0,0,1,9100
1048576,4,32,1,1,1,9100
1048576,4,32,1,0,1,9100
1048576,4,32,0,1,1,9100
1048576,4,32,0,0,1,9100
1048576,8,1,1,1,1,9100
1048576,8,1,1,0,1,9100
1048576,8,1,0,1,1,9100
1048576,8,1,0,0,1,9100
1048576,8,2,1,1,1,9100
1048576,8,2,1,0,1,9100
1048576,8,2,0,1,1,9100
1048576,8,2,0,0,1,9100
1048576,8,4,1,1,1,9100
1048576,8,4,1,0,1,9100
1048576,8,4,0,1,1,9100
1048576,8,4,0,0,1,9100
1048576,8,8,1,1,1,9100
1048576,8,8,1,0,1,9100
1048576,8,8,0,1,1,9100
1048576,8,8,0,0,1,9100
1048576,8,16,1,1,1,9100
1048576,8,16,1,0,1,9100
1048576,8,16,0,1,1,9100
1048576,8,16,0,0,1,9100
1048576,8,32,1,1,1,9100
1048576,8,32,1,0,1,9100
1048576,8,32,0,1,1,9100
1048576,8,32,0,0,1,9100
1048576,16,1,1,1,1,9100
1048576,16,1,1,0,1,9100
1048576,16,1,0,1,1,9100
1048576,16,1,0,0,1,9100
1048576,16,2,1,1,1,9100
1048576,16,2,1,0,1,9100
1048576,16,2,0,1,1,9100
1048576,16,2,0,0,1,9100
1048576,16,4,1,1,1,9100
1048576,16,4,1,0,1,9100
1048576,16,4,0,1,1,9100
1048576,16,4,0,0,1,9100
1048576,16,8,1,1,1,9100
1048576,16,8,1,0,1,9100
1048576,16,8,0,1,1,9100
1048576,16,8,0,0,1,9100
1048576,16,16,1,1,1,9100
1048576,16,16,1,0,1,9100
1048576,16,16,0,1,1,9100
1048576,16,16,0,0,1,9100
1048576,16,32,1,1,1,9100
1048576,16,32,1,0,1,9100
1048576,16,32,0,1,1,9100
1048576,16,32,0,0,1,9100
1048576,32,1,1,1,1,9100
1048576,32,1,1,0,1,9100
1048576,32,1,0,1,1,9100
1048576,32,1,0,0,1,9100
1048576,32,2,1,1,1,9100
1048576,32,2,1,0,1,9100
1048576,32,2,0,1,1,9100
1048576,32,2,0,0,1,9100
1048576,32,4,1,1,1,9100
1048576,32,4,1,0,1,9100
1048576,32,4,0,1,1,9100
1048576,32,4,0,0,1,9100
1048576,32,8,1,1,1,9100
1048576,32,8,1,0,1,9100
1048576,32,8,0,1,1,9100
1048576,32,8,0,0,1,9100
1048576,32,16,1,1,1,9100
1048576,32,16,1,0,1,9100
1048576,32,16,0,1,1,9100
1048576,32,16,0,0,1,9100
1048576,32,32,1,1,1,9100
1048576,32,32,1,0,1,9100
1048576,32,32,0,1,1,9100
1048576,32,32,0,0,1,9100
1048576,64,1,1,1,1,9100
1048576,64,1,1,0,1,9100
1048576,64,1,0,1,1,9100
1048576,64,1,0,0,1,9100
1048576,64,2,1,1,1,9100
1048576,64,2,1,0,1,9100
1048576,64,2,0,1,1,9100
1048576,64,2,0,0,1,9100
1048576,64,4,1,1,1,9100
1048576,64,4,1,0,1,9100
1048576,64,4,0,1,1,9100
1048576,64,4,0,0,1,9100
1048576,64,8,1,1,1,9100
1048576,64,8,1,0,1,9100
1048576,64,8,0,1,1,9100
1048576,64,8,0,0,1,9100
1048576,64,16,1,1,1,9100
1048576,64,16,1,0,1,9100
1048576,64,16,0,1,1,9100
1048576,64,16,0,0,1,9100
1048576,64,32,1,1,1,9100
1048576,64,32,1,0,1,9100
1048576,64,32,0,1,1,9100
1048576,64,32,0,0,1,9100
1048576,128,1,1,1,0.857143,7813
1048576,128,1,1,0,0.923077,8407
1048576,128,1,0,1,0.857143,7813
1048576,128,1,0,0,0.923077,8407
1048576,128,2,1,1,0.857143,7813
1048576,128,2,1,0,0.923077,8407
1048576,128,2,0,1,0.857143,7813
1048576,128,2,0,0,0.923077,8407
1048576,128,4,1,1,0.857143,7813
1048576,128,4,1,0,0.923077,8407
1048576,128,4,0,1,0.857143,7813
1048576,128,4,0,0,0.923077,8407
1048576,128,8,1,1,0.857143,7813
1048576,128,8,1,0,0.923077,8407
1048576,128,8,0,1,0.857143,7813
1048576,128,8,0,0,0.923077,8407
1048576,128,16,1,1,0.857143,7813
1048576,128,16,1,0,0.923077,8407
1048576,128,16,0,1,0.857143,7813
1048576,128,16,0,0,0.923077,8407
1048576,128,32,1,1,0.857143,7813
1048576,128,32,1,0,0.923077,8407
1048576,128,32,0,1,0.857143,7813
1048576,128,32,0,0,0.923077,8407
1048576,256,1,1,1,0.703297,6427
1048576,256,1,1,0,0.835165,7615
1048576,256,1,0,1,0.703297,6427
1048576,256,1,0,0,0.835165,7615
1048576,256,2,1,1,0.703297,6427
1048576,256,2,1,0,0.835165,7615
1048576,256,2,0,1,0.703297,6427
1048576,256,2,0,0,0.835165,7615
1048576,256,4,1,1,0.703297,6427
1048576,256,4,1,0,0.835165,7615
1048576,256,4,0,1,0.703297,6427
1048576,256,4,0,0,0.835165,7615
1048576,256,8,1,1,0.703297,6427
1048576,256,8,1,0,0.835165,7615
1048576,256,8,0,1,0.703297,6427
1048576,256,8,0,0,0.835165,7615
1048576,256,16,1,1,0.703297,6427
1048576,256,16,1,0,0.835165,7615
1048576,256,16,0,1,0.703297,6427
1048576,256,16,0,0,0.835165,7615
1048576,256,32,1,1,0.703297,6427
1048576,256,32,1,0,0.835165,7615
1048576,256,32,0,1,0.703297,6427
1048576,256,32,0,0,0.835165,7615
1048576,512,1,1,1,0.428571,3952
1048576,512,1,1,0,0.681319,6229
1048576,512,1,0,1,0.428571,3952
1048576,512,1,0,0,0.681319,6229
1048576,512,2,1,1,0.428571,3952
1048576,512,2,1,0,0.681319,6229
1048576,512,2,0,1,0.428571,3952
1048576,512,2,0,0,0.681319,6229
1048576,512,4,1,1,0.428571,3952
1048576,512,4,1,0,0.681319,6229
1048576,512,4,0,1,0.428571,3952
1048576,512,4,0,0,0.681319,6229
1048576,512,8,1,1,0.428571,3952
1048576,512,8,1,0,0.681319,6229
1048576,512,8,0,1,0.428571,3952
1048576,512,8,0,0,0.681319,6229
1048576,512,16,1,1,0.428571,3952
1048576,512,16,1,0,0.681319,6229
1048576,512,16,0,1,0.428571,3952
1048576,512,16,0,0,0.681319,6229
1048576,512,32,1,1,0.428571,3952
1048576,512,32,1,0,0.681319,6229
1048576,512,32,0,1,0.428571,3952
1048576,512,32,0,0,0.681319,6229
1048576,1024,1,1,1,0.274725,2566
1048576,1024,1,1,0,0.615385,5635
1048576,1024,1,0,1,0.274725,2566
1048576,1024,1,0,0,0.615385,5635
1048576,1024,2,1,1,0.274725,2566
1048576,1024,2,1,0,0.615385,5635
1048576,1024,2,0,1,0.274725,2566
1048576,1024,2,0,0,0.615385,5635
1048576,1024,4,1,1,0.274725,2566
1048576,1024,4,1,0,0.615385,5635
1048576,1024,4,0,1,0.274725,2566
1048576,1024,4,0,0,0.615385,5635
1048576,1024,8,1,1,0.274725,2566
1048576,1024,8,1,0,0.615385,5635
1048576,1024,8,0,1,0.274725,2566
1048576,1024,8,0,0,0.615385,5635
1048576,1024,16,1,1,0.274725,2566
1048576,1024,16,1,0,0.615385,5635
1048576,1024,16,0,1,0.274725,2566
1048576,1024,16,0,0,0.615385,5635
1048576,1024,32,1,1,0.274725,2566
1048576,1024,32,1,0,0.615385,5635
1048576,1024,32,0,1,0.274725,2566
1048576,1024,32,0,0,0.615385,5635
1048576,2048,1,1,1,0.197802,1873
1048576,2048,1,1,0,0.582418,5338
1048576,2048,1,0,1,0.197802,1873
1048576,2048,1,0,0,0.582418,5338
1048576,2048,2,1,1,0.197802,1873
1048576,2048,2,1,0,0.582418,5338
1048576,2048,2,0,1,0.197802,1873
1048576,2048,2,0,0,0.582418,5338
1048576,2048,4,1,1,0.197802,1873
1048576,2048,4,1,0,0.582418,5338
1048576,2048,4,0,1,0.197802,1873
1048576,2048,4,0,0,0.582418,5338
1048576,2048,8,1,1,0.197802,1873
1048576,2048,8,1,0,0.582418,5338
1048576,2048,8,0,1,0.197802,1873
1048576,2048,8,0,0,0.582418,5338
1048576,2048,16,1,1,0.197802,1873
1048576,2048,16,1,0,0.582418,5338
1048576,2048,16,0,1,0.197802,1873
1048576,2048,16,0,0,0.582418,5338
1048576,2048,32,1,1,0.197802,1873
1048576,2048,32,1,0,0.582418,5338
1048576,2048,32,0,1,0.197802,1873
1048576,2048,32,0,0,0.582418,5338
1048576,4096,1,1,1,0.10989,1081
1048576,4096,1,1,0,0.549451,5041
1048576,4096,1,0,1,0.10989,1081
1048576,4096,1,0,0,0.549451,5041
1048576,4096,2,1,1,0.10989,1081
1048576,4096,2,1,0,0.549451,5041
1048576,4096,2,0,1,0.10989,1081
1048576,4096,2,0,0,0.549451,5041
1048576,4096,4,1,1,0.10989,1081
1048576,4096,4,1,0,0.549451,5041
1048576,4096,4,0,1,0.10989,1081
1048576,4096,4,0,0,0.549451,5041
1048576,4096,8,1,1,0.10989,1081
1048576,4096,8,1,0,0.549451,5041
1048576,4096,8,0,1,0.10989,1081
1048576,4096,8,0,0,0.549451,5041
1048576,4096,16,1,1,0.10989,1081
1048576,4096,16,1,0,0.549451,5041
1048576,4096,16,0,1,0.10989,1081
1048576,4096,16,0,0,0.549451,5041
1048576,4096,32,1,1,0.10989,1081
1048576,4096,32,1,0,0.549451,5041
1048576,4096,32,0,1,0.10989,1081
1048576,4096,32,0,0,0.549451,5041
2097152,1,1,1,1,1,9100
2097152,1,1,1,0,1,9100
2097152,1,1,0,1,1,9100
2097152,1,1,0,0,1,9100
2097152,1,2,1,1,1,9100
2097152,1,2,1,0,1,9100
2097152,1,2,0,1,1,9100
2097152,1,2,0,0,1,9100
2097152,1,4,1,1,1,9100
2097152,1,4,1,0,1,9100
2097152,1,4,0,1,1,9100
2097152,1,4,0,0,1,9100
2097152,1,8,1,1,1,9100
2097152,1,8,1,0,1,9100
2097152,1,8,0,1,1,9100
2097152,1,8,0,0,1,9100
2097152,1,16,1,1,1,9100
2097152,1,16,1,0,1,9100
2097152,1,16,0,1,1,9100
2097152,1,16,0,0,1,9100
2097152,1,32,1,1,1,9100
2097152,1,32,1,0,1,9100
2097152,1,32,0,1,1,9100
2097152,1,32,0,0,1,9100
2097152,2,1,1,1,1,9100
2097152,2,1,1,0,1,9100
2097152,2,1,0,1,1,9100
2097152,2,1,0,0,1,9100
2097152,2,2,1,1,1,9100
2097152,2,2,1,0,1,9100
2097152,2,2,0,1,1,9100
2097152,2,2,0,0,1,9100
2097152,2,4,1,1,1,9100
2097152,2,4,1,0,1,9100
2097152,2,4,0,1,1,9100
2097152,2,4,0,0,1,9100
2097152,2,8,1,1,1,9100
2097152,2,8,1,0,1,9100
2097152,2,8,0,1,1,9100
2097152,2,8,0,0,1,9100
2097152,2,16,1,1,1,9100
2097152,2,16,1,0,1,9100
2097152,2,16,0,1,1,9100
2097152,2,16,0,0,1,9100
2097152,2,32,1,1,1,9100
2097152,2,32,1,0,1,9100
2097152,2,32,0,1,1,9100
2097152,2,32,0,0,1,9100
2097152,4,1,1,1,1,9100
2097152,4,1,1,0,1,9100
2097152,4,1,0,1,1,9100
2097152,4,1,0,0,1,9100
2097152,4,2,1,1,1,9100
2097152,4,2,1,0,1,9100
2097152,4,2,0,1,1,9100
2097152,4,2,0,0,1,9100
2097152,4,4,1,1,1,9100
2097152,4,4,1,0,1,9100
2097152,4,4,0,1,1,9100
2097152,4,4,0,0,1,9100
2097152,4,8,1,1,1,9100
2097152,4,8,1,0,1,9100
2097152,4,8,0,1,1,9100
2097152,4,8,0,0,1,9100
2097152,4,16,1,1,1,9100
2097152,4,16,1,0,1,9100
2097152,4,16,0,1,1,9100
2097152,4,16,0,0,1,9100
2097152,4,32,1,1,1,9100
2097152,4,32,1,0,1,9100
2097152,4,32,0,1,1,9100
2097152,4,32,0,0,1,9100
2097152,8,1,1,1,1,9100
2097152,8,1,1,0,1,9100
2097152,8,1,0,1,1,9100
2097152,8,1,0,0,1,9100
2097152,8,2,1,1,1,9100
2097152,8,2,1,0,1,9100
2097152,8,2,0,1,1,9100
2097152,8,2,0,0,1,9100
2097152,8,4,1,1,1,9100
2097152,8,4,1,0,1,9100
2097152,8,4,0,1,1,9100
2097152,8,4,0,0,1,9100
2097152,8,8,1,1,1,9100
2097152,8,8,1,0,1,9100
2097152,8,8,0,1,1,9100
2097152,8,8,0,0,1,9100
2097152,8,16,1,1,1,9100
2097152,8,16,1,0,1,9100
2097152,8,16,0,1,1,9100
2097152,8,16,0,0,1,9100
2097152,8,32,1,1,1,9100
2097152,8,32,1,0,1,9100
2097152,8,32,0,1,1,9100
2097152,8,32,0,0,1,9100
2097152,16,1,1,1,1,9100
2097152,16,1,1,0,1,9100
2097152,16,1,0,1,1,9100
2097152,16,1,0,0,1,9100
2097152,16,2,1,1,1,9100
2097152,16,2,1,0,1,9100
2097152,16,2,0,1,1,9100
2097152,16,2,0,0,1,9100
2097152,16,4,1,1,1,9100
2097152,16,4,1,0,1,9100
2097152,16,4,0,1,1,9100
2097152,16,4,0,0,1,9100
2097152,16,8,1,1,1,9100
2097152,16,8,1,0,1,9100
2097152,16,8,0,1,1,9100
2097152,16,8,0,0,1,9100
2097152,16,16,1,1,1,9100
2097152,16,16,1,0,1,9100
2097152,16,16,0,1,1,9100
2097152,16,16,0,0,1,9100
2097152,16,32,1,1,1,9100
2097152,16,32,1,0,1,9100
2097152,16,32,0,1,1,9100
2097152,16,32,0,0,1,9100
2097152,32,1,1,1,1,9100
2097152,32,1,1,0,1,9100
2097152,32,1,0,1,1,9100
2097152,32,1,0,0,1,9100
2097152,32,2,1,1,1,9100
2097152,32,2,1,0,1,9100
2097152,32,2,0,1,1,9100
2097152,32,2,0,0,1,9100
2097152,32,4,1,1,1,9100
2097152,32,4,1,0,1,9100
2097152,32,4,0,1,1,9100
2097152,32,4,0,0,1,9100
2097152,32,8,1,1,1,9100
2097152,32,8,1,0,1,9100
2097152,32,8,0,1,1,9100
2097152,32,8,0,0,1,9100
2097152,32,16,1,1,1,9100
2097152,32,16,1,0,1,9100
2097152,32,16,0,1,1,9100
2097152,32,16,0,0,1,9100
2097152,32,32,1,1,1,9100
2097152,32,32,1,0,1,9100
2097152,32,32,0,1,1,9100
2097152,32,32,0,0,1,9100
2097152,64,1,1,1,1,9100
2097152,64,1,1,0,1,9100
2097152,64,1,0,1,1,9100
2097152,64,1,0,0,1,9100
2097152,64,2,1,1,1,9100
2097152,64,2,1,0,1,9100
2097152,64,2,0,1,1,9100
2097152,64,2,0,0,1,9100
2097152,64,4,1,1,1,9100
2097152,64,4,1,0,1,9100
2097152,64,4,0,1,1,9100
2097152,64,4,0,0,1,9100
2097152,64,8,1,1,1,9100
2097152,64,8,1,0,1,9100
2097152,64,8,0,1,1,9100
2097152,64,8,0,0,1,9100
2097152,64,16,1,1,1,9100
2097152,64,16,1,0,1,9100
2097152,64,16,0,1,1,9100
2097152,64,16,0,0,1,9100
2097152,64,32,1,1,1,9100
2097152,64,32,1,0,1,9100
2097152,64,32,0,1,1,9100
2097152,64,32,0,0,1,9100
2097152,128,1,1,1,0.857143,7813
2097152,128,1,1,0,0.923077,8407
2097152,128,1,0,1,0.857143,7813
2097152,128,1,0,0,0.923077,8407
2097152,128,2,1,1,0.857143,7813
2097152,128,2,1,0,0.923077,8407
2097152,128,2,0,1,0.857143,7813
2097152,128,2,0,0,0.923077,8407
2097152,128,4,1,1,0.857143,7813
2097152,128,4,1,0,0.923077,8407
2097152,128,4,0,1,0.857143,7813
2097152,128,4,0,0,0.923077,8407
2097152,128,8,1,1,0.857143,7813
2097152,128,8,1,0,0.923077,8407
2097152,128,8,0,1,0.857143,7813
2097152,128,8,0,0,0.923077,8407
2097152,128,16,1,1,0.857143,7813
2097152,128,16,1,0,0.923077,8407
2097152,128,16,0,1,0.857143,7813
2097152,128,16,0,0,0.923077,8407
2097152,128,32,1,1,0.857143,7813
2097152,128,32,1,0,0.923077,8407
2097152,128,32,0,1,0.857143,7813
2097152,128,32,0,0,0.923077,8407
2097152,256,1,1,1,0.703297,6427
2097152,256,1,1,0,0.835165,7615
2097152,256,1,0,1,0.703297,6427
2097152,256,1,0,0,0.835165,7615
2097152,256,2,1,1,0.703297,6427
2097152,256,2,1,0,0.835165,7615
2097152,256,2,0,1,0.703297,6427
2097152,256,2,0,0,0.835165,7615
2097152,256,4,1,1,0.703297,6427
2097152,256,4,1,0,0.835165,7615
2097152,256,4,0,1,0.703297,6427
2097152,256,4,0,0,0.835165,7615
2097152,256,8,1,1,0.703297,6427
2097152,256,8,1,0,0.835165,7615
2097152,256,8,0,1,0.703297,6427
2097152,256,8,0,0,0.835165,7615
2097152,256,16,1,1,0.703297,6427
2097152,256,16,1,0,0.835165,7615
2097152,256,16,0,1,0.703297,6427
2097152,256,16,0,0,0.835165,7615
2097152,256,32,1,1,0.703297,6427
2097152,256,32,1,0,0.835165,7615
2097152,256,32,0,1,0.703297,6427
2097152,256,32,0,0,0.835165,7615
2097152,512,1,1,1,0.428571,3952
2097152,512,1,1,0,0.681319,6229
2097152,512,1,0,1,0.428571,3952
2097152,512,1,0,0,0.681319,6229
2097152,512,2,1,1,0.428571,3952
2097152,512,2,1,0,0.681319,6229
2097152,512,2,0,1,0.428571,3952
2097152,512,2,0,0,0.681319,6229
2097152,512,4,1,1,0.428571,3952
2097152,512,4,1,0,0.681319,6229
2097152,512,4,0,1,0.428571,3952
2097152,512,4,0,0,0.681319,6229
2097152,512,8,1,1,0.428571,3952
2097152,512,8,1,0,0.681319,6229
2097152,512,8,0,1,0.428571,3952
2097152,512,8,0,0,0.681319,6229
2097152,512,16,1,1,0.428571,3952
2097152,512,16,1,0,0.681319,6229
2097152,512,16,0,1,0.428571,3952
2097152,512,16,0,0,0.681319,6229
2097152,512,32,1,1,0.428571,3952
2097152,512,32,1,0,0.681319,6229
2097152,512,32,0,1,0.428571,3952
2097152,512,32,0,0,0.681319,6229
2097152,1024,1,1,1,0.274725,2566
2097152,1024,1,1,0,0.615385,5635
2097152,1024,1,0,1,0.274725,2566
2097152,1024,1,0,0,0.615385,5635
2097152,1024,2,1,1,0.274725,2566
2097152,1024,2,1,0,0.615385,5635
2097152,1024,2,0,1,0.274725,2566
2097152,1024,2,0,0,0.615385,5635
2097152,1024,4,1,1,0.274725,2566
2097152,1024,4,1,0,0.615385,5635
2097152,1024,4,0,1,0.274725,2566
2097152,1024,4,0,0,0.615385,5635
2097152,1024,8,1,1,0.274725,2566
2097152,1024,8,1,0,0.615385,5635
2097152,1024,8,0,1,0.274725,2566
2097152,1024,8,0,0,0.615385,5635
2097152,1024,16,1,1,0.274725,2566
2097152,1024,16,1,0,0.615385,5635
2097152,1024,16,0,1,0.274725,2566
2097152,1024,16,0,0,0.615385,5635
2097152,1024,32,1,1,0.274725,2566
2097152,1024,32,1,0,0.615385,5635
2097152,1024,32,0,1,0.274725,2566
2097152,1024,32,0,0,0.615385,5635
2097152,2048,1,1,1,0.197802,1873
2097152,2048,1,1,0,0.582418,5338
2097152,2048,1,0,1,0.197802,1873
2097152,2048,1,0,0,0.582418,5338
2097152,2048,2,1,1,0.197802,1873
2097152,2048,2,1,0,0.582418,5338
2097152,2048,2,0,1,0.197802,1873
2097152,2048,2,0,0,0.582418,5338
2097152,2048,4,1,1,0.197802,1873
2097152,2048,4,1,0,0.582418,5338
2097152,2048,4,0,1,0.197802,1873
2097152,2048,4,0,0,0.582418,5338
2097152,2048,8,1,1,0.197802,1873
2097152,2048,8,1,0,0.582418,5338
2097152,2048,8,0,1,0.197802,1873
2097152,2048,8,0,0,0.582418,5338
2097152,2048,16,1,1,0.197802,1873
2097152,2048,16,1,0,0.582418,5338
2097152,2048,16,0,1,0.197802,1873
2097152,2048,16,0,0,0.582418,5338
2097152,2048,32,1,1,0.197802,1873
2097152,2048,32,1,0,0.582418,5338
2097152,2048,32,0,1,0.197802,1873
2097152,2048,32,0,0,0.582418,5338
2097152,4096,1,1,1,0.10989,1081
2097152,4096,1,1,0,0.549451,5041
2097152,4096,1,0,1,0.10989,1081
2097152,4096,1,0,0,0.549451,5041
2097152,4096,2,1,1,0.10989,1081
2097152,4096,2,1,0,0.549451,5041
2097152,4096,2,0,1,0.10989,1081
2097152,4096,2,0,0,0.549451,5041
2097152,4096,4,1,1,0.10989,1081
2097152,4096,4,1,0,0.549451,5041
2097152,4096,4,0,1,0.10989,1081
2097152,4096,4,0,0,0.549451,5041
2097152,4096,8,1,1,0.10989,1081
2097152,4096,8,1,0,0.549451,5041
2097152,4096,8,0,1,0.10989,1081
2097152,4096,8,0,0,0.549451,5041
2097152,4096,16,1,1,0.10989,1081
2097152,4096,16,1,0,0.549451,5041
2097152,4096,16,0,1,0.10989,1081
2097152,4096,16,0,0,0.549451,5041
2097152,4096,32,1,1,0.10989,1081
2097152,4096,32,1,0,0.549451,5041
2097152,4096,32,0,1,0.10989,1081
2097152,4096,32,0,0,0.549451,5041
4194304,1,1,1,1,1,9100
4194304,1,1,1,0,1,9100
4194304,1,1,0,1,1,9100
4194304,1,1,0,0,1,9100
4194304,1,2,1,1,1,9100
4194304,1,2,1,0,1,9100
4194304,1,2,0,1,1,9100
4194304,1,2,0,0,1,9100
4194304,1,4,1,1,1,9100
4194304,1,4,1,0,1,9100
4194304,1,4,0,1,1,9100
4194304,1,4,0,0,1,9100
4194304,1,8,1,1,1,9100
4194304,1,8,1,0,1,9100
4194304,1,8,0,1,1,9100
4194304,1,8,0,0,1,9100
4194304,1,16,1,1,1,9100
4194304,1,16,1,0,1,9100
4194304,1,16,0,1,1,9100
4194304,1,16,0,0,1,9100
4194304,1,32,1,1,1,9100
4194304,1,32,1,0,1,9100
4194304,1,32,0,1,1,9100
4194304,1,32,0,0,1,9100
4194304,2,1,1,1,1,9100
4194304,2,1,1,0,1,9100
4194304,2,1,0,1,1,9100
4194304,2,1,0,0,1,9100
4194304,2,2,1,1,1,9100
4194304,2,2,1,0,1,9100
4194304,2,2,0,1,1,9100
4194304,2,2,0,0,1,9100
4194304,2,4,1,1,1,9100
4194304,2,4,1,0,1,9100
4194304,2,4,0,1,1,9100
4194304,2,4,0,0,1,9100
4194304,2,8,1,1,1,9100
4194304,2,8,1,0,1,9100
4194304,2,8,0,1,1,9100
4194304,2,8,0,0,1,9100
4194304,2,16,1,1,1,9100
4194304,2,16,1,0,1,9100
4194304,2,16,0,1,1,9100
4194304,2,16,0,0,1,9100
4194304,2,32,1,1,1,9100
4194304,2,32,1,0,1,9100
4194304,2,32,0,1,1,9100
4194304,2,32,0,0,1,9100
4194304,4,1,1,1,1,9100
4194304,4,1,1,0,1,9100
4194304,4,1,0,1,1,9100
4194304,4,1,0,0,1,9100
4194304,4,2,1,1,1,9100
4194304,4,2,1,0,1,9100
4194304,4,2,0,1,1,9100
4194304,4,2,0,0,1,9100
4194304,4,4,1,1,1,9100
4194304,4,4,1,0,1,9100
4194304,4,4,0,1,1,9100
4194304,4,4,0,0,1,9100
4194304,4,8,1,1,1,9100
4194304,4,8,1,0,1,9100
4194304,4,8,0,1,1,9100
4194304,4,8,0,0,1,9100
4194304,4,16,1,1,1,9100
4194304,4,16,1,0,1,9100
4194304,4,16,0,1,1,9100
4194304,4,16,0,0,1,9100
4194304,4,32,1,1,1,9100
4194304,4,32,1,0,1,9100
4194304,4,32,0,1,1,9100
4194304,4,32,0,0,1,9100
4194304,8,1,1,1,1,9100
4194304,8,1,1,0,1,9100
4194304,8,1,0,1,1,9100
4194304,8,1,0,0,1,9100
4194304,8,2,1,1,1,9100
4194304,8,2,1,0,1,9100
4194304,8,2,0,1,1,9100
4194304,8,2,0,0,1,9100
4194304,8,4,1,1,1,9100
4194304,8,4,1,0,1,9100
4194304,8,4,0,1,1,9100
4194304,8,4,0,0,1,9100
4194304,8,8,1,1,1,9100
4194304,8,8,1,0,1,9100
4194304,8,8,0,1,1,9100
4194304,8,8,0,0,1,9100
4194304,8,16,1,1,1,9100
4194304,8,16,1,0,1,9100
4194304,8,16,0,1,1,9100
4194304,8,16,0,0,1,9100
4194304,8,32,1,1,1,9100
4194304,8,32,1,0,1,9100
4194304,8,32,0,1,1,9100
4194304,8,32,0,0,1,9100
4194304,16,1,1,1,1,9100
4194304,16,1,1,0,1,9100
4194304,16,1,0,1,1,9100
4194304,16,1,0,0,1,9100
4194304,16,2,1,1,1,9100
4194304,16,2,1,0,1,9100
4194304,16,2,0,1,1,9100
4194304,16,2,0,0,1,9100
4194304,16,4,1,1,1,9100
4194304,16,4,1,0,1,9100
4194304,16,4,0,1,1,9100
4194304,16,4,0,0,1,9100
4194304,16,8,1,1,1,9100
4194304,16,8,1,0,1,9100
4194304,16,8,0,1,1,9100
4194304,16,8,0,0,1,9100
4194304,16,16,1,1,1,9100
4194304,16,16,1,0,1,9100
4194304,16,16,0,1,1,9100
4194304,16,16,0,0,1,9100
4194304,16,32,1,1,1,9100
4194304,16,32,1,0,1,9100
4194304,16,32,0,1,1,9100
4194304,16,32,0,0,1,9100
4194304,32,1,1,1,1,9100
4194304,32,1,1,0,1,9100
4194304,32,1,0,1,1,9100
4194304,32,1,0,0,1,9100
4194304,32,2,1,1,1,9100
4194304,32,2,1,0,1,9100
4194304,32,2,0,1,1,9100
4194304,32,2,0,0,1,9100
4194304,32,4,1,1,1,9100
4194304,32,4,1,0,1,9100
4194304,32,4,0,1,1,9100
4194304,32,4,0,0,1,9100
4194304,32,8,1,1,1,9100
4194304,32,8,1,0,1,9100
4194304,32,8,0,1,1,9100
4194304,32,8,0,0,1,9100
4194304,32,16,1,1,1,9100
4194304,32,16,1,0,1,9100
4194304,32,16,0,1,1,9100
4194304,32,16,0,0,1,9100
4194304,32,32,1,1,1,9100
4194304,32,32,1,0,1,9100
4194304,32,32,0,1,1,9100
4194304,32,32,0,0,1,9100
4194304,64,1,1,1,1,9100
4194304,64,1,1,0,1,9100
4194304,64,1,0,1,1,9100
4194304,64,1,0,0,1,9100
4194304,64,2,1,1,1,9100
4194304,64,2,1,0,1,9100
4194304,64,2,0,1,1,9100
4194304,64,2,0,0,1,9100
4194304,64,4,1,1,1,9100
4194304,64,4,1,0,1,9100
4194304,64,4,0,1,1,9100
4194304,64,4,0,0,1,9100
4194304,64,8,1,1,1,9100
4194304,64,8,1,0,1,9100
4194304,64,8,0,1,1,9100
4194304,64,8,0,0,1,9100
4194304,64,16,1,1,1,9100
4194304,64,16,1,0,1,9100
4194304,64,16,0,1,1,9100
4194304,64,16,0,0,1,9100
4194304,64,32,1,1,1,9100
4194304,64,32,1,0,1,9100
4194304,64,32,0,1,1,9100
4194304,64,32,0,0,1,9100
4194304,128,1,1,1,0.857143,7813
4194304,128,1,1,0,0.923077,8407
4194304,128,1,0,1,0.857143,7813
4194304,128,1,0,0,0.923077,8407
4194304,128,2,1,1,0.857143,7813
4194304,128,2,1,0,0.923077,8407
4194304,128,2,0,1,0.857143,7813
4194304,128,2,0,0,0.923077,8407
4194304,128,4,1,1,0.857143,7813
4194304,128,4,1,0,0.923077,8407
4194304,128,4,0,1,0.857143,7813
4194304,128,4,0,0,0.923077,8407
4194304,128,8,1,1,0.857143,7813
4194304,128,8,1,0,0.923077,8407
4194304,128,8,0,1,0.857143,7813
4194304,128,8,0,0,0.923077,8407
4194304,128,16,1,1,0.857143,7813
4194304,128,16,1,0,0.923077,8407
4194304,128,16,0,1,0.857143,7813
4194304,128,16,0,0,0.923077,8407
4194304,128,32,1,1,0.857143,7813
4194304,128,32,1,0,0.923077,8407
4194304,128,32,0,1,0.857143,7813
4194304,128,32,0,0,0.923077,8407
4194304,256,1,1,1,0.703297,6427
4194304,256,1,1,0,0.835165,7615
4194304,256,1,0,1,0.703297,6427
4194304,256,1,0,0,0.835165,7615
4194304,256,2,1,1,0.703297,6427
4194304,256,2,1,0,0.835165,7615
4194304,256,2,0,1,0.703297,6427
4194304,256,2,0,0,0.835165,7615
4194304,256,4,1,1,0.703297,6427
4194304,256,4,1,0,0.835165,7615
4194304,256,4,0,1,0.703297,6427
4194304,256,4,0,0,0.835165,7615
4194304,256,8,1,1,0.703297,6427
4194304,256,8,1,0,0.835165,7615
4194304,256,8,0,1,0.703297,6427
4194304,256,8,0,0,0.835165,7615
4194304,256,16,1,1,0.703297,6427
4194304,256,16,1,0,0.835165,7615
4194304,256,16,0,1,0.703297,6427
4194304,256,16,0,0,0.835165,7615
4194304,256,32,1,1,0.703297,6427
4194304,256,32,1,0,0.835165,7615
4194304,256,32,0,1,0.703297,6427
4194304,256,32,0,0,0.835165,7615
4194304,512,1,1,1,0.428571,3952
4194304,512,1,1,0,0.681319,6229
4194304,512,1,0,1,0.428571,3952
4194304,512,1,0,0,0.681319,6229
4194304,512,2,1,1,0.428571,3952
4194304,512,2,1,0,0.681319,6229
4194304,512,2,0,1,0.428571,3952
4194304,512,2,0,0,0.681319,6229
4194304,512,4,1,1,0.428571,3952
4194304,512,4,1,0,0.681319,6229
4194304,512,4,0,1,0.428571,3952
4194304,512,4,0,0,0.681319,6229
4194304,512,8,1,1,0.428571,3952
4194304,512,8,1,0,0.681319,6229
4194304,512,8,0,1,0.428571,3952
4194304,512,8,0,0,0.681319,6229
4194304,512,16,1,1,0.428571,3952
4194304,512,16,1,0,0.681319,6229
4194304,512,16,0,1,0.428571,3952
4194304,512,16,0,0,0.681319,6229
4194304,512,32,1,1,0.428571,3952
4194304,512,32,1,0,0.681319,6229
4194304,512,32,0,1,0.428571,3952
4194304,512,32,0,0,0.681319,6229
4194304,1024,1,1,1,0.274725,2566
4194304,1024,1,1,0,0.615385,5635
4194304,1024,1,0,1,0.274725,2566
4194304,1024,1,0,0,0.615385,5635
4194304,1024,2,1,1,0.274725,2566
4194304,1024,2,1,0,0.615385,5635
4194304,1024,2,0,1,0.274725,2566
4194304,1024,2,0,0,0.615385,5635
4194304,1024,4,1,1,0.274725,2566
4194304,1024,4,1,0,0.615385,5635
4194304,1024,4,0,1,0.274725,2566
4194304,1024,4,0,0,0.615385,5635
4194304,1024,8,1,1,0.274725,2566
4194304,1024,8,1,0,0.615385,5635
4194304,1024,8,0,1,0.274725,2566
4194304,1024,8,0,0,0.615385,5635
4194304,1024,16,1,1,0.274725,2566
4194304,1024,16,1,0,0.615385,5635
4194304,1024,16,0,1,0.274725,2566
4194304,1024,16,0,0,0.615385,5635
4194304,1024,32,1,1,0.274725,2566
4194304,1024,32,1,0,0.615385,5635
4194304,1024,32,0,1,0.274725,2566
4194304,1024,32,0,0,0.615385,5635
4194304,2048,1,1,1,0.197802,1873
4194304,2048,1,1,0,0.582418,5338
4194304,2048,1,0,1,0.197802,1873
4194304,2048,1,0,0,0.582418,5338
4194304,2048,2,1,1,0.197802,1873
4194304,2048,2,1,0,0.582418,5338
4194304,2048,2,0,1,0.197802,1873
4194304,2048,2,0,0,0.582418,5338
4194304,2048,4,1,1,0.197802,1873
4194304,2048,4,1,0,0.582418,5338
4194304,2048,4,0,1,0.197802,1873
4194304,2048,4,0,0,0.582418,5338
4194304,2048,8,1,1,0.197802,1873
4194304,2048,8,1,0,0.582418,5338
4194304,2048,8,0,1,0.197802,1873
4194304,2048,8,0,0,0.582418,5338
4194304,2048,16,1,1,0.197802,1873
4194304,2048,16,1,0,0.582418,5338
4194304,2048,16,0,1,0.197802,1873
4194304,2048,16,0,0,0.582418,5338
4194304,2048,32,1,1,0.197802,1873
4194304,2048,32,1,0,0.582418,5338
4194304,2048,32,0,1,0.197802,1873
4194304,2048,32,0,0,0.582418,5338
4194304,4096,1,1,1,0.10989,1081
4194304,4096,1,1,0,0.549451,5041
4194304,4096,1,0,1,0.10989,1081
4194304,4096,1,0,0,0.549451,5041
4194304,4096,2,1,1,0.10989,1081
4194304,4096,2,1,0,0.549451,5041
4194304,4096,2,0,1,0.10989,1081
4194304,4096,2,0,0,0.549451,5041
4194304,4096,4,1,1,0.10989,1081
4194304,4096,4,1,0,0.549451,5041
4194304,4096,4,0,1,0.10989,1081
4194304,4096,4,0,0,0.549451,5041
4194304,4096,8,1,1,0.10989,1081
4194304,4096,8,1,0,0.549451,5041
4194304,4096,8,0,1,0.10989,1081
4194304,4096,8,0,0,0.549451,5041
4194304,4096,16,1,1,0.10989,1081
4194304,4096,16,1,0,0.549451,5041
4194304,4096,16,0,1,0.10989,1081
4194304,4096,16,0,0,0.549451,5041
4194304,4096,32,1,1,0.10989,1081
4194304,4096,32,1,0,0.549451,5041
4194304,4096,32,0,1,0.10989,1081
4194304,4096,32,0,0,0.549451,5041
8388608,1,1,1,1,1,9100
8388608,1,1,1,0,1,9100
8388608,1,1,0,1,1,9100
8388608,1,1,0,0,1,9100
8388608,1,2,1,1,1,9100
8388608,1,2,1,0,1,9100
8388608,1,2,0,1,1,9100
8388608,1,2,0,0,1,9100
8388608,1,4,1,1,1,9100
8388608,1,4,1,0,1,9100
8388608,1,4,0,1,1,9100
8388608,1,4,0,0,1,9100
8388608,1,8,1,1,1,9100
8388608,1,8,1,0,1,9100
8388608,1,8,0,1,1,9100
8388608,1,8,0,0,1,9100
8388608,1,16,1,1,1,9100
8388608,1,16,1,0,1,9100
8388608,1,16,0,1,1,9100
8388608,1,16,0,0,1,9100
8388608,1,32,1,1,1,9100
8388608,1,32,1,0,1,9100
8388608,1,32,0,1,1,9100
8388608,1,32,0,0,1,9100
8388608,2,1,1,1,1,9100
8388608,2,1,1,0,1,9100
8388608,2,1,0,1,1,9100
8388608,2,1,0,0,1,9100
8388608,2,2,1,1,1,9100
8388608,2,2,1,0,1,9100
8388608,2,2,0,1,1,9100
8388608,2,2,0,0,1,9100
8388608,2,4,1,1,1,9100
8388608,2,4,1,0,1,9100
8388608,2,4,0,1,1,9100
8388608,2,4,0,0,1,9100
8388608,2,8,1,1,1,9100
8388608,2,8,1,0,1,9100
8388608,2,8,0,1,1,9100
8388608,2,8,0,0,1,9100
8388608,2,16,1,1,1,9100
8388608,2,16,1,0,1,9100
8388608,2,16,0,1,1,9100
8388608,2,16,0,0,1,9100
8388608,2,32,1,1,1,9100
8388608,2,32,1,0,1,9100
8388608,2,32,0,1,1,9100
8388608,2,32,0,0,1,9100
8388608,4,1,1,1,1,9100
8388608,4,1,1,0,1,9100
8388608,4,1,0,1,1,9100
8388608,4,1,0,0,1,9100
8388608,4,2,1,1,1,9100
8388608,4,2,1,0,1,9100
8388608,4,2,0,1,1,9100
8388608,4,2,0,0,1,9100
8388608,4,4,1,1,1,9100
8388608,4,4,1,0,1,9100
8388608,4,4,0,1,1,9100
8388608,4,4,0,0,1,9100
8388608,4,8,1,1,1,9100
8388608,4,8,1,0,1,9100
8388608,4,8,0,1,1,9100
8388608,4,8,0,0,1,9100
8388608,4,16,1,1,1,9100
8388608,4,16,1,0,1,9100
8388608,4,16,0,1,1,9100
8388608,4,16,0,0,1,9100
8388608,4,32,1,1,1,9100
8388608,4,32,1,0,1,9100
8388608,4,32,0,1,1,9100
8388608,4,32,0,0,1,9100
8388608,8,1,1,1,1,9100
8388608,8,1,1,0,1,9100
8388608,8,1,0,1,1,9100
8388608,8,1,0,0,1,9100
8388608,8,2,1,1,1,9100
8388608,8,2,1,0,1,9100
8388608,8,2,0,1,1,9100
8388608,8,2,0,0,1,9100
8388608,8,4,1,1,1,9100
8388608,8,4,1,0,1,9100
8388608,8,4,0,1,1,9100
8388608,8,4,0,0,1,9100
8388608,8,8,1,1,1,9100
8388608,8,8,1,0,1,9100
8388608,8,8,0,1,1,9100
8388608,8,8,0,0,1,9100
8388608,8,16,1,1,1,9100
8388608,8,16,1,0,1,9100
8388608,8,16,0,1,1,9100
8388608,8,16,0,0,1,9100
8388608,8,32,1,1,1,9100
8388608,8,32,1,0,1,9100
8388608,8,32,0,1,1,9100
8388608,8,32,0,0,1,9100
8388608,16,1,1,1,1,9100
8388608,16,1,1,0,1,9100
8388608,16,1,0,1,1,9100
8388608,16,1,0,0,1,9100
8388608,16,2,1,1,1,9100
8388608,16,2,1,0,1,9100
8388608,16,2,0,1,1,9100
8388608,16,2,0,0,1,9100
8388608,16,4,1,1,1,9100
8388608,16,4,1,0,1,9100
8388608,16,4,0,1,1,9100
8388608,16,4,0,0,1,9100
8388608,16,8,1,1,1,9100
8388608,16,8,1,0,1,9100
8388608,16,8,0,1,1,9100
8388608,16,8,0,0,1,9100
8388608,16,16,1,1,1,9100
8388608,16,16,1,0,1,9100
8388608,16,16,0,1,1,9100
8388608,16,16,0,0,1,9100
8388608,16,32,1,1,1,9100
8388608,16,32,1,0,1,9100
8388608,16,32,0,1,1,9100
8388608,16,32,0,0,1,9100
8388608,32,1,1,1,1,9100
8388608,32,1,1,0,1,9100
8388608,32,1,0,1,1,9100
8388608,32,1,0,0,1,9100
8388608,32,2,1,1,1,9100
8388608,32,2,1,0,1,9100
8388608,32,2,0,1,1,9100
8388608,32,2,0,0,1,9100
8388608,32,4,1,1,1,9100
8388608,32,4,1,0,1,9100
8388608,32,4,0,1,1,9100
8388608,32,4,0,0,1,9100
8388608,32,8,1,1,1,9100
8388608,32,8,1,0,1,9100
8388608,32,8,0,1,1,9100
8388608,32,8,0,0,1,9100
8388608,32,16,1,1,1,9100
8388608,32,16,1,0,1,9100
8388608,32,16,0,1,1,9100
8388608,32,16,0,0,1,9100
8388608,32,32,1,1,1,9100
8388608,32,32,1,0,1,9100
8388608,32,32,0,1,1,9100
8388608,32,32,0,0,1,9100
8388608,64,1,1,1,1,9100
8388608,64,1,1,0,1,9100
8388608,64,1,0,1,1,9100
8388608,64,1,0,0,1,9100
8388608,64,2,1,1,1,9100
8388608,64,2,1,0,1,9100
8388608,64,2,0,1,1,9100
8388608,64,2,0,0,1,9100
8388608,64,4,1,1,1,9100
8388608,64,4,1,0,1,9100
8388608,64,4,0,1,1,9100
8388608,64,4,0,0,1,9100
8388608,64,8,1,1,1,9100
8388608,64,8,1,0,1,9100
8388608,64,8,0,1,1,9100
8388608,64,8,0,0,1,9100
8388608,64,16,1,1,1,9100
8388608,64,16,1,0,1,9100
8388608,64,16,0,1,1,9100
8388608,64,16,0,0,1,9100
8388608,64,32,1,1,1,9100
8388608,64,32,1,0,1,9100
8388608,64,32,0,1,1,9100
8388608,64,32,0,0,1,9100
8388608,128,1,1,1,0.857143,7813
8388608,128,1,1,0,0.923077,8407
8388608,128,1,0,1,0.857143,7813
8388608,128,1,0,0,0.923077,8407
8388608,128,2,1,1,0.857143,7813
8388608,128,2,1,0,0.923077,8407
8388608,128,2,0,1,0.857143,7813
8388608,128,2,0,0,0.923077,8407
8388608,128,4,1,1,0.857143,7813
8388608,128,4,1,0,0.923077,8407
8388608,128,4,0,1,0.857143,7813
8388608,128,4,0,0,0.923077,8407
8388608,128,8,1,1,0.857143,7813
8388608,128,8,1,0,0.923077,8407
8388608,128,8,0,1,0.857143,7813
8388608,128,8,0,0,0.923077,8407
8388608,128,16,1,1,0.857143,7813
8388608,128,16,1,0,0.923077,8407
8388608,128,16,0,1,0.857143,7813
8388608,128,16,0,0,0.923077,8407
8388608,128,32,1,1,0.857143,7813
8388608,128,32,1,0,0.923077,8407
8388608,128,32,0,1,0.857143,7813
8388608,128,32,0,0,0.923077,8407
8388608,256,1,1,1,0.703297,6427
8388608,256,1,1,0,0.835165,7615
8388608,256,1,0,1,0.703297,6427
8388608,256,1,0,0,0.835165,7615
8388608,256,2,1,1,0.703297,6427
8388608,256,2,1,0,0.835165,7615
8388608,256,2,0,1,0.703297,6427
8388608,256,2,0,0,0.835165,7615
8388608,256,4,1,1,0.703297,6427
8388608,256,4,1,0,0.835165,7615
8388608,256,4,0,1,0.703297,6427
8388608,256,4,0,0,0.835165,7615
8388608,256,8,1,1,0.703297,6427
8388608,256,8,1,0,0.835165,7615
8388608,256,8,0,1,0.703297,6427
8388608,256,8,0,0,0.835165,7615
8388608,256,16,1,1,0.703297,6427
8388608,256,16,1,0,0.835165,7615
8388608,256,16,0,1,0.703297,6427
8388608,256,16,0,0,0.835165,7615
8388608,256,32,1,1,0.703297,6427
8388608,256,32,1,0,0.835165,7615
8388608,256,32,0,1,0.703297,6427
8388608,256,32,0,0,0.835165,7615
8388608,512,1,1,1,0.428571,3952
8388608,512,1,1,0,0.681319,6229
8388608,512,1,0,1,0.428571,3952
8388608,512,1,0,0,0.681319,6229
8388608,512,2,1,1,0.428571,3952
8388608,512,2,1,0,0.681319,6229
8388608,512,2,0,1,0.428571,3952
8388608,512,2,0,0,0.681319,6229
8388608,512,4,1,1,0.428571,3952
8388608,512,4,1,0,0.681319,6229
8388608,512,4,0,1,0.428571,3952
8388608,512,4,0,0,0.681319,6229
8388608,512,8,1,1,0.428571,3952
8388608,512,8,1,0,0.681319,6229
8388608,512,8,0,1,0.428571,3952
8388608,512,8,0,0,0.681319,6229
8388608,512,16,1,1,0.428571,3952
8388608,512,16,1,0,0.681319,6229
8388608,512,16,0,1,0.428571,3952
8388608,512,16,0,0,0.681319,6229
8388608,512,32,1,1,0.428571,3952
8388608,512,32,1,0,0.681319,6229
8388608,512,32,0,1,0.428571,3952
8388608,512,32,0,0,0.681319,6229
8388608,1024,1,1,1,0.274725,2566
8388608,1024,1,1,0,0.615385,5635
8388608,1024,1,0,1,0.274725,2566
8388608,1024,1,0,0,0.615385,5635
8388608,1024,2,1,1,0.274725,2566
8388608,1024,2,1,0,0.615385,5635
8388608,1024,2,0,1,0.274725,2566
8388608,1024,2,0,0,0.615385,5635
8388608,1024,4,1,1,0.274725,2566
8388608,1024,4,1,0,0.615385,5635
8388608,1024,4,0,1,0.274725,2566
8388608,1024,4,0,0,0.615385,5635
8388608,1024,8,1,1,0.274725,2566
8388608,1024,8,1,0,0.615385,5635
8388608,1024,8,0,1,0.274725,2566
8388608,1024,8,0,0,0.615385,5635
8388608,1024,16,1,1,0.274725,2566
8388608,1024,16,1,0,0.615385,5635
8388608,1024,16,0,1,0.274725,2566
8388608,1024,16,0,0,0.615385,5635
8388608,1024,32,1,1,0.274725,2566
8388608,1024,32,1,0,0.615385,5635
8388608,1024,32,0,1,0.274725,2566
8388608,1024,32,0,0,0.615385,5635
8388608,2048,1,1,1,0.197802,1873
8388608,2048,1,1,0,0.582418,5338
8388608,2048,1,0,1,0.197802,1873
8388608,2048,1,0,0,0.582418,5338
8388608,2048,2,1,1,0.197802,1873
8388608,2048,2,1,0,0.582418,5338
8388608,2048,2,0,1,0.197802,1873
8388608,2048,2,0,0,0.582418,5338
8388608,2048,4,1,1,0.197802,1873
8388608,2048,4,1,0,0.582418,5338
8388608,2048,4,0,1,0.197802,1873
8388608,2048,4,0,0,0.582418,5338
8388608,2048,8,1,1,0.197802,1873
8388608,2048,8,1,0,0.582418,5338
8388608,2048,8,0,1,0.197802,1873
8388608,2048,8,0,0,0.582418,5338
8388608,2048,16,1,1,0.197802,1873
8388608,2048,16,1,0,0.582418,5338
8388608,2048,16,0,1,0.197802,1873
8388608,2048,16,0,0,0.582418,5338
8388608,2048,32,1,1,0.197802,1873
8388608,2048,32,1,0,0.582418,5338
8388608,2048,32,0,1,0.197802,1873
8388608,2048,32,0,0,0.582418,5338
8388608,4096,1,1,1,0.10989,1081
8388608,4096,1,1,0,0.549451,5041
8388608,4096,1,0,1,0.10989,1081
8388608,4096,1,0,0,0.549451,5041
8388608,4096,2,1,1,0.10989,1081
8388608,4096,2,1,0,0.549451,5041
8388608,4096,2,0,1,0.10989,1081
8388608,4096,2,0,0,0.549451,5041
8388608,4096,4,1,1,0.10989,1081
8388608,4096,4,1,0,0.549451,5041
8388608,4096,4,0,1,0.10989,1081
8388608,4096,4,0,0,0.549451,5041
8388608,4096,8,1,1,0.10989,1081
8388608,4096,8,1,0,0.549451,5041
8388608,4096,8,0,1,0.10989,1081
8388608,4096,8,0,0,0.549451,5041
8388608,4096,16,1,1,0.10989,1081
8388608,4096,16,1,0,0.549451,5041
8388608,4096,16,0,1,0.10989,1081
8388608,4096,16,0,0,0.549451,5041
8388608,4096,32,1,1,0.10989,1081
8388608,4096,32,1,0,0.549451,5041
8388608,4096,32,0,1,0.10989,1081
8388608,4096,32,0,0,0.549451,5041
16777216,1,1,1,1,1,9100
16777216,1,1,1,0,1,9100
16777216,1,1,0,1,1,9100
16777216,1,1,0,0,1,9100
16777216,1,2,1,1,1,9100
16777216,1,2,1,0,1,9100
16777216,1,2,0,1,1,9100
16777216,1,2,0,0,1,9100
16777216,1,4,1,1,1,9100
16777216,1,4,1,0,1,9100
16777216,1,4,0,1,1,9100
16777216,1,4,0,0,1,9100
16777216,1,8,1,1,1,9100
16777216,1,8,1,0,1,9100
16777216,1,8,0,1,1,9100
16777216,1,8,0,0,1,9100
16777216,1,16,1,1,1,9100
16777216,1,16,1,0,1,9100
16777216,1,16,0,1,1,9100
16777216,1,16,0,0,1,9100
16777216,1,32,1,1,1,9100
16777216,1,32,1,0,1,9100
16777216,1,32,0,1,1,9100
16777216,1,32,0,0,1,9100
16777216,2,1,1,1,1,9100
16777216,2,1,1,0,1,9100
16777216,2,1,0,1,1,9100
16777216,2,1,0,0,1,9100
16777216,2,2,1,1,1,9100
16777216,2,2,1,0,1,9100
16777216,2,2,0,1,1,9100
16777216,2,2,0,0,1,9100
16777216,2,4,1,1,1,9100
16777216,2,4,1,0,1,9100
16777216,2,4,0,1,1,9100
16777216,2,4,0,0,1,9100
16777216,2,8,1,1,1,9100
16777216,2,8,1,0,1,9100
16777216,2,8,0,1,1,9100
16777216,2,8,0,0,1,9100
16777216,2,16,1,1,1,9100
16777216,2,16,1,0,1,9100
16777216,2,16,0,1,1,9100
16777216,2,16,0,0,1,9100
16777216,2,32,1,1,1,9100
16777216,2,32,1,0,1,9100
16777216,2,32,0,1,1,9100
16777216,2,32,0,0,1,9100
16777216,4,1,1,1,1,9100
16777216,4,1,1,0,1,9100
16777216,4,1,0,1,1,9100
16777216,4,1,0,0,1,9100
16777216,4,2,1,1,1,9100
16777216,4,2,1,0,1,9100
16777216,4,2,0,1,1,9100
16777216,4,2,0,0,1,9100
16777216,4,4,1,1,1,9100
16777216,4,4,1,0,1,9100
16777216,4,4,0,1,1,9100
16777216,4,4,0,0,1,9100
16777216,4,8,1,1,1,9100
16777216,4,8,1,0,1,9100
16777216,4,8,0,1,1,9100
16777216,4,8,0,0,1,9100
16777216,4,16,1,1,1,9100
16777216,4,16,1,0,1,9100
16777216,4,16,0,1,1,9100
16777216,4,16,0,0,1,9100
16777216,4,32,1,1,1,9100
16777216,4,32,1,0,1,9100
16777216,4,32,0,1,1,9100
16777216,4,32,0,0,1,9100
16777216,8,1,1,1,1,9100
16777216,8,1,1,0,1,9100
16777216,8,1,0,1,1,9100
16777216,8,1,0,0,1,9100
16777216,8,2,1,1,1,9100
16777216,8,2,1,0,1,9100
16777216,8,2,0,1,1,9100
16777216,8,2,0,0,1,9100
16777216,8,4,1,1,1,9100
16777216,8,4,1,0,1,9100
16777216,8,4,0,1,1,9100
16777216,8,4,0,0,1,9100
16777216,8,8,1,1,1,9100
16777216,8,8,1,0,1,9100
16777216,8,8,0,1,1,9100
16777216,8,8,0,0,1,9100
16777216,8,16,1,1,1,9100
16777216,8,16,1,0,1,9100
16777216,8,16,0,1,1,9100
16777216,8,16,0,0,1,9100
16777216,8,32,1,1,1,9100
16777216,8,32,1,0,1,9100
16777216,8,32,0,1,1,9100
16777216,8,32,0,0,1,9100
16777216,16,1,1,1,1,9100
16777216,16,1,1,0,1,9100
16777216,16,1,0,1,1,9100
16777216,16,1,0,0,1,9100
16777216,16,2,1,1,1,9100
16777216,16,2,1,0,1,9100
16777216,16,2,0,1,1,9100
16777216,16,2,0,0,1,9100
16777216,16,4,1,1,1,9100
16777216,16,4,1,0,1,9100
16777216,16,4,0,1,1,9100
16777216,16,4,0,0,1,9100
16777216,16,8,1,1,1,9100
16777216,16,8,1,0,1,9100
16777216,16,8,0,1,1,9100
16777216,16,8,0,0,1,9100
16777216,16,16,1,1,1,9100
16777216,16,16,1,0,1,9100
16777216,16,16,0,1,1,9100
16777216,16,16,0,0,1,9100
16777216,16,32,1,1,1,9100
16777216,16,32,1,0,1,9100
16777216,16,32,0,1,1,9100
16777216,16,32,0,0,1,9100
16777216,32,1,1,1,1,9100
16777216,32,1,1,0,1,9100
16777216,32,1,0,1,1,9100
16777216,32,1,0,0,1,9100
16777216,32,2,1,1,1,9100
16777216,32,2,1,0,1,9100
16777216,32,2,0,1,1,9100
16777216,32,2,0,0,1,9100
16777216,32,4,1,1,1,9100
16777216,32,4,1,0,1,9100
16777216,32,4,0,1,1,9100
16777216,32,4,0,0,1,9100
16777216,32,8,1,1,1,9100
16777216,32,8,1,0,1,9100
16777216,32,8,0,1,1,9100
16777216,32,8,0,0,1,9100
16777216,32,16,1,1,1,9100
16777216,32,16,1,0,1,9100
16777216,32,16,0,1,1,9100
16777216,32,16,0,0,1,9100
16777216,32,32,1,1,1,9100
16777216,32,32,1,0,1,9100
16777216,32,32,0,1,1,9100
16777216,32,32,0,0,1,9100
16777216,64,1,1,1,1,9100
16777216,64,1,1,0,1,9100
16777216,64,1,0,1,1,9100
16777216,64,1,0,0,1,9100
16777216,64,2,1,1,1,9100
16777216,64,2,1,0,1,9100
16777216,64,2,0,1,1,9100
16777216,64,2,0,0,1,9100
16777216,64,4,1,1,1,9100
16777216,64,4,1,0,1,9100
16777216,64,4,0,1,1,9100
16777216,64,4,0,0,1,9100
16777216,64,8,1,1,1,9100
16777216,64,8,1,0,1,9100
16777216,64,8,0,1,1,9100
16777216,64,8,0,0,1,9100
16777216,64,16,1,1,1,9100
16777216,64,16,1,0,1,9100
16777216,64,16,0,1,1,9100
16777216,64,16,0,0,1,9100
16777216,64,32,1,1,1,9100
16777216,64,32,1,0,1,9100
16777216,64,32,0,1,1,9100
16777216,64,32,0,0,1,9100
16777216,128,1,1,1,0.857143,7813
16777216,128,1,1,0,0.923077,8407
16777216,128,1,0,1,0.857143,7813
16777216,128,1,0,0,0.923077,8407
16777216,128,2,1,1,0.857143,7813
16777216,128,2,1,0,0.923077,8407
16777216,128,2,0,1,0.857143,7813
16777216,128,2,0,0,0.923077,8407
16777216,128,4,1,1,0.857143,7813
16777216,128,4,1,0,0.923077,8407
16777216,128,4,0,1,0.857143,7813
16777216,128,4,0,0,0.923077,8407
16777216,128,8,1,1,0.857143,7813
16777216,128,8,1,0,0.923077,8407
16777216,128,8,0,1,0.857143,7813
16777216,128,8,0,0,0.923077,8407
16777216,128,16,1,1,0.857143,7813
16777216,128,16,1,0,0.923077,8407
16777216,128,16,0,1,0.857143,7813
16777216,128,16,0,0,0.923077,8407
16777216,128,32,1,1,0.857143,7813
16777216,128,32,1,0,0.923077,8407
16777216,128,32,0,1,0.857143,7813
16777216,128,32,0,0,0.923077,8407
16777216,256,1,1,1,0.703297,6427
16777216,256,1,1,0,0.835165,7615
16777216,256,1,0,1,0.703297,6427
16777216,256,1,0,0,0.835165,7615
16777216,256,2,1,1,0.703297,6427
16777216,256,2,1,0,0.835165,7615
16777216,256,2,0,1,0.703297,6427
16777216,256,2,0,0,0.835165,7615
16777216,256,4,1,1,0.703297,6427
16777216,256,4,1,0,0.835165,7615
16777216,256,4,0,1,0.703297,6427
16777216,256,4,0,0,0.835165,7615
16777216,256,8,1,1,0.703297,6427
16777216,256,8,1,0,0.835165,7615
16777216,256,8,0,1,0.703297,6427
16777216,256,8,0,0,0.835165,7615
16777216,256,16,1,1,0.703297,6427
16777216,256,16,1,0,0.835165,7615
16777216,256,16,0,1,0.703297,6427
16777216,256,16,0,0,0.835165,7615
16777216,256,32,1,1,0.703297,6427
16777216,256,32,1,0,0.835165,7615
16777216,256,32,0,1,0.703297,6427
16777216,256,32,0,0,0.835165,7615
16777216,512,1,1,1,0.428571,3952
16777216,512,1,1,0,0.681319,6229
16777216,512,1,0,1,0.428571,3952
16777216,512,1,0,0,0.681319,6229
16777216,512,2,1,1,0.428571,3952
16777216,512,2,1,0,0.681319,6229
16777216,512,2,0,1,0.428571,3952
16777216,512,2,0,0,0.681319,6229
16777216,512,4,1,1,0.428571,3952
16777216,512,4,1,0,0.681319,6229
16777216,512,4,0,1,0.428571,3952
16777216,512,4,0,0,0.681319,6229
16777216,512,8,1,1,0.428571,3952
16777216,512,8,1,0,0.681319,6229
16777216,512,8,0,1,0.428571,3952
16777216,512,8,0,0,0.681319,6229
16777216,512,16,1,1,0.428571,3952
16777216,512,16,1,0,0.681319,6229
16777216,512,16,0,1,0.428571,3952
16777216,512,16,0,0,0.681319,6229
16777216,512,32,1,1,0.428571,3952
16777216,512,32,1,0,0.681319,6229
16777216,512,32,0,1,0.428571,3952
16777216,512,32,0,0,0.681319,6229
16777216,1024,1,1,1,0.274725,2566
16777216,1024,1,1,0,0.615385,5635
16777216,1024,1,0,1,0.274725,2566
16777216,1024,1,0,0,0.615385,5635
16777216,1024,2,1,1,0.274725,2566
16777216,1024,2,1,0,0.615385,5635
16777216,1024,2,0,1,0.274725,2566
16777216,1024,2,0,0,0.615385,5635
16777216,1024,4,1,1,0.274725,2566
16777216,1024,4,1,0,0.615385,5635
16777216,1024,4,0,1,0.274725,2566
16777216,1024,4,0,0,0.615385,5635
16777216,1024,8,1,1,0.274725,2566
16777216,1024,8,1,0,0.615385,5635
16777216,1024,8,0,1,0.274725,2566
16777216,1024,8,0,0,0.615385,5635
16777216,1024,16,1,1,0.274725,2566
16777216,1024,16,1,0,0.615385,5635
16777216,1024,16,0,1,0.274725,2566
16777216,1024,16,0,0,0.615385,5635
16777216,1024,32,1,1,0.274725,2566
16777216,1024,32,1,0,0.615385,5635
16777216,1024,32,0,1,0.274725,2566
16777216,1024,32,0,0,0.615385,5635
16777216,2048,1,1,1,0.197802,1873
16777216,2048,1,1,0,0.582418,5338
16777216,2048,1,0,1,0.197802,1873
16777216,2048,1,0,0,0.582418,5338
16777216,2048,2,1,1,0.197802,1873
16777216,2048,2,1,0,0.582418,5338
16777216,2048,2,0,1,0.197802,1873
16777216,2048,2,0,0,0.582418,5338
16777216,2048,4,1,1,0.197802,1873
16777216,2048,4,1,0,0.582418,5338
16777216,2048,4,0,1,0.197802,1873
16777216,2048,4,0,0,0.582418,5338
16777216,2048,8,1,1,0.197802,1873
16777216,2048,8,1,0,0.582418,5338
16777216,2048,8,0,1,0.197802,1873
16777216,2048,8,0,0,0.582418,5338
16777216,2048,16,1,1,0.197802,1873
16777216,2048,16,1,0,0.582418,5338
16777216,2048,16,0,1,0.197802,1873
16777216,2048,16,0,0,0.582418,5338
16777216,2048,32,1,1,0.197802,1873
16777216,2048,32,1,0,0.582418,5338
16777216,2048,32,0,1,0.197802,1873
16777216,2048,32,0,0,0.582418,5338
16777216,4096,1,1,1,0.10989,1081
16777216,4096,1,1,0,0.549451,5041
16777216,4096,1,0,1,0.10989,1081
16777216,4096,1,0,0,0.549451,5041
16777216,4096,2,1,1,0.10989,1081
16777216,4096,2,1,0,0.549451,5041
16777216,4096,2,0,1,0.10989,1081
16777216,4096,2,0,0,0.549451,5041
16777216,4096,4,1,1,0.10989,1081
16777216,4096,4,1,0,0.549451,5041
16777216,4096,4,0,1,0.10989,1081
16777216,4096,4,0,0,0.549451,5041
16777216,4096,8,1,1,0.10989,1081
16777216,4096,8,1,0,0.549451,5041
16777216,4096,8,0,1,0.10989,1081
16777216,4096,8,0,0,0.549451,5041
16777216,4096,16,1,1,0.10989,1081
16777216,4096,16,1,0,0.549451,5041
16777216,4096,16,0,1,0.10989,1081
16777216,4096,16,0,0,0.549451,5041
16777216,4096,32,1,1,0.10989,1081
16777216,4096,32,1,0,0.549451,5041
16777216,4096,32,0,1,0.10989,1081
16777216,4096,32,0,0,0.549451,5041
33554432,1,1,1,1,1,9100
33554432,1,1,1,0,1,9100
33554432,1,1,0,1,1,9100
33554432,1,1,0,0,1,9100
33554432,1,2,1,1,1,9100
33554432,1,2,1,0,1,9100
33554432,1,2,0,1,1,9100
33554432,1,2,0,0,1,9100
33554432,1,4,1,1,1,9100
33554432,1,4,1,0,1,9100
33554432,1,4,0,1,1,9100
33554432,1,4,0,0,1,9100
33554432,1,8,1,1,1,9100
33554432,1,8,1,0,1,9100
33554432,1,8,0,1,1,9100
33554432,1,8,0,0,1,9100
33554432,1,16,1,1,1,9100
33554432,1,16,1,0,1,9100
33554432,1,16,0,1,1,9100
33554432,1,16,0,0,1,9100
33554432,1,32,1,1,1,9100
33554432,1,32,1,0,1,9100
33554432,1,32,0,1,1,9100
33554432,1,32,0,0,1,9100
33554432,2,1,1,1,1,9100
33554432,2,1,1,0,1,9100
33554432,2,1,0,1,1,9100
33554432,2,1,0,0,1,9100
33554432,2,2,1,1,1,9100
33554432,2,2,1,0,1,9100
33554432,2,2,0,1,1,9100
33554432,2,2,0,0,1,9100
33554432,2,4,1,1,1,9100
33554432,2,4,1,0,1,9100
33554432,2,4,0,1,1,9100
33554432,2,4,0,0,1,9100
33554432,2,8,1,1,1,9100
33554432,2,8,1,0,1,9100
33554432,2,8,0,1,1,9100
33554432,2,8,0,0,1,9100
33554432,2,16,1,1,1,9100
33554432,2,16,1,0,1,9100
33554432,2,16,0,1,1,9100
33554432,2,16,0,0,1,9100
33554432,2,32,1,1,1,9100
33554432,2,32,1,0,1,9100
33554432,2,32,0,1,1,9100
33554432,2,32,0,0,1,9100
33554432,4,1,1,1,1,9100
33554432,4,1,1,0,1,9100
33554432,4,1,0,1,1,9100
33554432,4,1,0,0,1,9100
33554432,4,2,1,1,1,9100
33554432,4,2,1,0,1,9100
33554432,4,2,0,1,1,9100
33554432,4,2,0,0,1,9100
33554432,4,4,1,1,1,9100
33554432,4,4,1,0,1,9100
33554432,4,4,0,1,1,9100
33554432,4,4,0,0,1,9100
33554432,4,8,1,1,1,9100
33554432,4,8,1,0,1,9100
33554432,4,8,0,1,1,9100
33554432,4,8,0,0,1,9100
33554432,4,16,1,1,1,9100
33554432,4,16,1,0,1,9100
33554432,4,16,0,1,1,9100
33554432,4,16,0,0,1,9100
33554432,4,32,1,1,1,9100
33554432,4,32,1,0,1,9100
33554432,4,32,0,1,1,9100
33554432,4,32,0,0,1,9100
33554432,8,1,1,1,1,9100
33554432,8,1,1,0,1,9100
33554432,8,1,0,1,1,9100
33554432,8,1,0,0,1,9100
33554432,8,2,1,1,1,9100
33554432,8,2,1,0,1,9100
33554432,8,2,0,1,1,9100
33554432,8,2,0,0,1,9100
33554432,8,4,1,1,1,9100
33554432,8,4,1,0,1,9100
33554432,8,4,0,1,1,9100
33554432,8,4,0,0,1,9100
33554432,8,8,1,1,1,9100
33554432,8,8,1,0,1,9100
33554432,8,8,0,1,1,9100
33554432,8,8,0,0,1,9100
33554432,8,16,1,1,1,9100
33554432,8,16,1,0,1,9100
33554432,8,16,0,1,1,9100
33554432,8,16,0,0,1,9100
33554432,8,32,1,1,1,9100
33554432,8,32,1,0,1,9100
33554432,8,32,0,1,1,9100
33554432,8,32,0,0,1,9100
33554432,16,1,1,1,1,9100
33554432,16,1,1,0,1,9100
33554432,16,1,0,1,1,9100
33554432,16,1,0,0,1,9100
33554432,16,2,1,1,1,9100
33554432,16,2,1,0,1,9100
33554432,16,2,0,1,1,9100
33554432,16,2,0,0,1,9100
33554432,16,4,1,1,1,9100
33554432,16,4,1,0,1,9100
33554432,16,4,0,1,1,9100
33554432,16,4,0,0,1,9100
33554432,16,8,1,1,1,9100
33554432,16,8,1,0,1,9100
33554432,16,8,0,1,1,9100
33554432,16,8,0,0,1,9100
33554432,16,16,1,1,1,9100
33554432,16,16,1,0,1,9100
33554432,16,16,0,1,1,9100
33554432,16,16,0,0,1,9100
33554432,16,32,1,1,1,9100
33554432,16,32,1,0,1,9100
33554432,16,32,0,1,1,9100
33554432,16,32,0,0,1,9100
33554432,32,1,1,1,1,9100
33554432,32,1,1,0,1,9100
33554432,32,1,0,1,1,9100
33554432,32,1,0,0,1,9100
33554432,32,2,1,1,1,9100
33554432,32,2,1,0,1,9100
33554432,32,2,0,1,1,9100
33554432,32,2,0,0,1,9100
33554432,32,4,1,1,1,9100
33554432,32,4,1,0,1,9100
33554432,32,4,0,1,1,9100
33554432,32,4,0,0,1,9100
33554432,32,8,1,1,1,9100
33554432,32,8,1,0,1,9100
33554432,32,8,0,1,1,9100
33554432,32,8,0,0,1,9100
33554432,32,16,1,1,1,9100
33554432,32,16,1,0,1,9100
33554432,32,16,0,1,1,9100
33554432,32,16,0,0,1,9100
33554432,32,32,1,1,1,9100
33554432,32,32,1,0,1,9100
33554432,32,32,0,1,1,9100
33554432,32,32,0,0,1,9100
33554432,64,1,1,1,1,9100
33554432,64,1,1,0,1,9100
33554432,64,1,0,1,1,9100
33554432,64,1,0,0,1,9100
33554432,64,2,1,1,1,9100
33554432,64,2,1,0,1,9100
33554432,64,2,0,1,1,9100
33554432,64,2,0,0,1,9100
33554432,64,4,1,1,1,9100
33554432,64,4,1,0,1,9100
33554432,64,4,0,1,1,9100
33554432,64,4,0,0,1,9100
33554432,64,8,1,1,1,9100
33554432,64,8,1,0,1,9100
33554432,64,8,0,1,1,9100
33554432,64,8,0,0,1,9100
33554432,64,16,1,1,1,9100
33554432,64,16,1,0,1,9100
33554432,64,16,0,1,1,9100
33554432,64,16,0,0,1,9100
33554432,64,32,1,1,1,9100
33554432,64,32,1,0,1,9100
33554432,64,32,0,1,1,9100
33554432,64,32,0,0,1,9100
33554432,128,1,1,1,0.857143,7813
33554432,128,1,1,0,0.923077,8407
33554432,128,1,0,1,0.857143,7813
33554432,128,1,0,0,0.923077,8407
33554432,128,2,1,1,0.857143,7813
33554432,128,2,1,0,0.923077,8407
33554432,128,2,0,1,0.857143,7813
33554432,128,2,0,0,0.923077,8407
33554432,128,4,1,1,0.857143,7813
33554432,128,4,1,0,0.923077,8407
33554432,128,4,0,1,0.857143,7813
33554432,128,4,0,0,0.923077,8407
33554432,128,8,1,1,0.857143,7813
33554432,128,8,1,0,0.923077,8407
33554432,128,8,0,1,0.857143,7813
33554432,128,8,0,0,0.923077,8407
33554432,128,16,1,1,0.857143,7813
33554432,128,16,1,0,0.923077,8407
33554432,128,16,0,1,0.857143,7813
33554432,128,16,0,0,0.923077,8407
33554432,128,32,1,1,0.857143,7813
33554432,128,32,1,0,0.923077,8407
33554432,128,32,0,1,0.857143,7813
33554432,128,32,0,0,0.923077,8407
33554432,256,1,1,1,0.703297,6427
33554432,256,1,1,0,0.835165,7615
33554432,256,1,0,1,0.703297,6427
33554432,256,1,0,0,0.835165,7615
33554432,256,2,1,1,0.703297,6427
33554432,256,2,1,0,0.835165,7615
33554432,256,2,0,1,0.703297,6427
33554432,256,2,0,0,0.835165,7615
33554432,256,4,1,1,0.703297,6427
33554432,256,4,1,0,0.835165,7615
33554432,256,4,0,1,0.703297,6427
33554432,256,4,0,0,0.835165,7615
33554432,256,8,1,1,0.703297,6427
33554432,256,8,1,0,0.835165,7615
33554432,256,8,0,1,0.703297,6427
33554432,256,8,0,0,0.835165,7615
33554432,256,16,1,1,0.703297,6427
33554432,256,16,1,0,0.835165,7615
33554432,256,16,0,1,0.703297,6427
33554432,256,16,0,0,0.835165,7615
33554432,256,32,1,1,0.703297,6427
33554432,256,32,1,0,0.835165,7615
33554432,256,32,0,1,0.703297,6427
33554432,256,32,0,0,0.835165,7615
33554432,512,1,1,1,0.428571,3952
33554432,512,1,1,0,0.681319,6229
33554432,512,1,0,1,0.428571,3952
33554432,512,1,0,0,0.681319,6229
33554432,512,2,1,1,0.428571,3952
33554432,512,2,1,0,0.681319,6229
33554432,512,2,0,1,0.428571,3952
33554432,512,2,0,0,0.681319,6229
33554432,512,4,1,1,0.428571,3952
33554432,512,4,1,0,0.681319,6229
33554432,512,4,0,1,0.428571,3952
33554432,512,4,0,0,0.681319,6229
33554432,512,8,1,1,0.428571,3952
33554432,512,8,1,0,0.681319,6229
33554432,512,8,0,1,0.428571,3952
33554432,512,8,0,0,0.681319,6229
33554432,512,16,1,1,0.428571,3952
33554432,512,16,1,0,0.681319,6229
33554432,512,16,0,1,0.428571,3952
33554432,512,16,0,0,0.681319,6229
33554432,512,32,1,1,0.428571,3952
33554432,512,32,1,0,0.681319,6229
33554432,512,32,0,1,0.428571,3952
33554432,512,32,0,0,0.681319,6229
33554432,1024,1,1,1,0.274725,2566
33554432,1024,1,1,0,0.615385,5635
33554432,1024,1,0,1,0.274725,2566
33554432,1024,1,0,0,0.615385,5635
33554432,1024,2,1,1,0.274725,2566
33554432,1024,2,1,0,0.615385,5635
33554432,1024,2,0,1,0.274725,2566
33554432,1024,2,0,0,0.615385,5635
33554432,1024,4,1,1,0.274725,2566
33554432,1024,4,1,0,0.615385,5635
33554432,1024,4,0,1,0.274725,2566
33554432,1024,4,0,0,0.615385,5635
33554432,1024,8,1,1,0.274725,2566
33554432,1024,8,1,0,0.615385,5635
33554432,1024,8,0,1,0.274725,2566
33554432,1024,8,0,0,0.615385,5635
33554432,1024,16,1,1,0.274725,2566
33554432,1024,16,1,0,0.615385,5635
33554432,1024,16,0,1,0.274725,2566
33554432,1024,16,0,0,0.615385,5635
33554432,1024,32,1,1,0.274725,2566
33554432,1024,32,1,0,0.615385,5635
33554432,1024,32,0,1,0.274725,2566
33554432,1024,32,0,0,0.615385,5635
33554432,2048,1,1,1,0.197802,1873
33554432,2048,1,1,0,0.582418,5338
33554432,2048,1,0,1,0.197802,1873
33554432,2048,1,0,0,0.582418,5338
33554432,2048,2,1,1,0.197802,1873
33554432,2048,2,1,0,0.582418,5338
33554432,2048,2,0,1,0.197802,1873
33554432,2048,2,0,0,0.582418,5338
33554432,2048,4,1,1,0.197802,1873
33554432,2048,4,1,0,0.582418,5338
33554432,2048,4,0,1,0.197802,1873
33554432,2048,4,0,0,0.582418,5338
33554432,2048,8,1,1,0.197802,1873
33554432,2048,8,1,0,0.582418,5338
33554432,2048,8,0,1,0.197802,1873
33554432,2048,8,0,0,0.582418,5338
33554432,2048,16,1,1,0.197802,1873
33554432,2048,16,1,0,0.582418,5338
33554432,2048,16,0,1,0.197802,1873
33554432,2048,16,0,0,0.582418,5338
33554432,2048,32,1,1,0.197802,1873
33554432,2048,32,1,0,0.582418,5338
33554432,2048,32,0,1,0.197802,1873
33554432,2048,32,0,0,0.582418,5338
33554432,4096,1,1,1,0.10989,1081
33554432,4096,1,1,0,0.549451,5041
33554432,4096,1,0,1,0.10989,1081
33554432,4096,1,0,0,0.549451,5041
33554432,4096,2,1,1,0.10989,1081
33554432,4096,2,1,0,0.549451,5041
33554432,4096,2,0,1,0.10989,1081
33554432,4096,2,0,0,0.549451,5041
33554432,4096,4,1,1,0.10989,1081
33554432,4096,4,1,0,0.549451,5041
33554432,4096,4,0,1,0.10989,1081
33554432,4096,4,0,0,0.549451,5041
33554432,4096,8,1,1,0.10989,1081
33554432,4096,8,1,0,0.549451,5041
33554432,4096,8,0,1,0.10989,1081
33554432,4096,8,0,0,0.549451,5041
33554432,4096,16,1,1,0.10989,1081
33554432,4096,16,1,0,0.549451,5041
33554432,4096,16,0,1,0.10989,1081
33554432,4096,16,0,0,0.549451,5041
33554432,4096,32,1,1,0.10989,1081
33554432,4096,32,1,0,0.549451,5041
33554432,4096,32,0,1,0.10989,1081
33554432,4096,32,0,0,0.549451,5041
